ARTIST,COUNT
ebifurya,5846
hammer (sunset beach),5387
haruyama kazunori,5229
itomugi-kun,4512
mizuki hitoshi,4291
kouji (campus life),4269
kanon (kurogane knights),3890
ruu (tksymkw),3807
yaegashi nan,3748
naga u,3533
tani takeshi,3411
kou hiyoyo,3372
bkub,3248
tony taka,3129
matsunaga kouyou,3048
ojipon,3042
blade (galaxist),3038
rebecca (keinelove),2985
bow (bhp),2969
a1 (initial-g),2930
ixy,2916
hara (harayutaka),2846
chihuri,2798
ido (teketeke),2771
futa (nabezoko),2738
bb (baalbuddy),2715
hisahiko,2596
yohane,2577
hungry clicker,2546
dd (ijigendd),2541
kirisawa juuzou,2528
hews,2525
hiroki (yyqw7151),2511
zounose,2488
carnelian,2481
warugaki (sk-ii),2446
shiseki hirame,2394
hamu koutarou,2380
m-da s-tarou,2363
kani biimu,2356
boris (noborhys),2353
houtengeki,2352
rariatto (ganguri),2351
minaba hideo,2329
kantoku,2322
abubu,2307
ishiyumi,2299
iesupa,2299
slugbox,2298
ichimi,2266
tsukishiro saika,2257
hisona (suaritesumi),2251
nanashi (nlo),2239
nyantcha,2223
yua (checkmate),2210
avogado6,2201
kouno (masao),2172
sofra,2161
yukie (kusaka shi),2134
drawfag,2128
tsukudani (coke-buta),2121
kanikama,2093
koyama shigeru,2091
ueyama michirou,2073
milkpanda,2059
shino (ponjiyuusu),2057
neocoill,2038
takafumi,2007
tsunako,2005
tsuda nanafushi,1960
taisa (kari),1960
sincos,1937
belko,1931
agawa ryou,1930
izumi tsubasu,1920
sayori (neko works),1918
konoshige (ryuun),1895
wa (genryusui),1888
gomashio (goma feet),1888
ginhaha,1887
hana kazari,1875
sumiyao (amam),1875
toosaka asagi,1874
mattaku mousuke,1871
saiguchi otoufu,1864
null (nyanpyoun),1855
lolita channel,1829
kitsunerider,1821
yamamoto souichirou,1818
mochi au lait,1812
yuuji (and),1809
enkyo yuuichirou,1803
beni shake,1793
anti (untea9),1790
kotorai,1783
miyo (ranthath),1782
mizuki makoto,1775
yuuhagi (amaretto-no-natsu),1770
tomose shunsaku,1763
horosuke,1745
minami (colorful palette),1735
haruhisky,1734
zen (kamuro),1732
nekotoufu,1730
fujima takuya,1722
mizumizuni,1720
fumihiko (fu mihi ko),1701
kashikaze,1669
yd (orange maru),1666
ishikei,1648
ayu (mog),1648
yuureidoushi (yuurei6214),1646
takeuchi takashi,1645
clearite,1642
shiromanta,1636
echo (circa),1627
creayus,1622
rappa (rappaya),1620
gonzarez,1608
diva (hyxpk),1597
imu sanjo,1596
shimazaki mujirushi,1595
mery (yangmalgage),1587
merunyaa,1584
matsuryuu,1582
ichikawa feesu,1581
kasumi (skchkko),1573
chanta (ayatakaoisii),1561
ha akabouzu,1560
oouso,1559
tukiwani,1546
gweda,1546
kaamin (mariarose753),1542
shirosato,1538
aaaa (quad-a),1531
as109,1529
pageratta,1525
goma (gomasamune),1516
cle masahiro,1506
aldehyde,1506
hinghoi,1505
ebi 193,1503
koruri,1499
butcha-u,1492
yukito (dreamrider),1485
tonda,1484
ohisashiburi,1484
kamille (vcx68),1483
nikorashi-ka,1483
ilya kuvshinov,1482
katahira masashi,1481
eromame,1472
agahari,1466
k-suwabe,1464
afrobull,1461
jako (jakoo21),1460
phantom ix row,1453
pokemoa,1447
hizaka,1447
mikage takashi,1446
asanagi,1445
murakami suigun,1440
e.o.,1436
ikeuchi tanuma,1433
cutesexyrobutts,1428
ito noizi,1427
yunamaro,1423
sekina,1418
fumio (rsqkr),1414
kankan33333,1412
mizumoto tadashi,1407
kilye kairi,1406
suzuhira hiro,1397
tk8d32,1396
ootsuki wataru,1394
usashiro mani,1390
sorimachi-doufu,1386
niwatazumi,1384
lets0020,1384
kaigen 1025,1383
nori tamago,1379
personal ami,1376
kawashina (momen silicon),1376
kuromiya,1375
shimada fumikane,1372
b-ginga,1371
torotei,1368
sheya,1367
bubukka,1364
gurande (g-size),1360
dr rex,1358
yomu (sgt epper),1357
mishima kurone,1354
waero,1352
homare (fool's art),1349
yanyo (ogino atsuki),1349
niiko (gonnzou),1346
meito (maze),1344
makuwauri,1341
dokomon,1339
cato (monocatienus),1338
satou kibi,1336
mizuhara aki,1334
imizu (nitro unknown),1334
negom,1329
onikobe rin,1326
isshiki (ffmania7),1319
karaagetarou,1316
karukan (monjya),1315
asteroid ill,1314
engiyoshi,1311
moisture (chichi),1310
tonee,1309
swd3e2,1309
dei shirou,1308
saku usako (rabbit),1307
happoubi jin,1305
asamura hiori,1305
chigusa minori,1305
kujou karasuma,1305
himura kiseki,1304
frapowa,1301
takiki,1301
nishi koutarou,1298
jjune,1298
wakabayashi toshiya,1298
jokanhiyou,1297
tsuruse,1294
ririko (zhuoyandesailaer),1293
maturiuta sorato,1292
mauve,1291
masukuza j,1289
kinkymation,1288
ogami kazuki,1284
nanase nao,1284
akitsuki karasu,1283
yokochou,1282
akairiot,1280
kuavera,1278
asutora,1277
namori,1276
mk (mod0),1275
sky-freedom,1275
yabuki kentarou,1273
ramchi,1273
hidefu kitayan,1271
yuichirou,1270
optionaltypo,1269
fusu (a95101221),1266
dandon fuga,1264
fuuzasa,1263
otokuyou,1258
kame (kamepan44231),1257
gaoo (frpjx283),1256
yano toshinori,1255
ikuchan kaoru,1245
yoshi tama,1244
nanakusa suzuna,1243
niliu chahui,1242
mitya,1237
meow (nekodenki),1235
misaki kurehito,1233
uccow,1233
yopparai oni,1232
samneco,1228
dishwasher1910,1223
mikozin,1223
suzuki toto,1222
pote (ptkan),1221
unya,1218
mitsumoto jouji,1214
dagasi,1211
gofu,1210
cougar (cougar1404),1208
cait aron,1203
dairi,1203
tanaka kusao,1199
koto inari,1199
seraziel,1197
oryo (oryo04),1195
satou yuuki,1193
yoshio (55level),1193
utano,1191
yamashita shun'ya,1189
pentagon (railgun ky1206),1188
kagami hirotaka,1187
kase daiki,1174
ama mitsuki,1173
ban! (bansankan),1172
ini (inunabe00),1172
jmg,1171
oyari ashito,1166
mikeou,1164
eu03,1164
momoko (momopoco),1162
takato kurosuke,1161
lpip,1159
gomennasai,1158
elf (stroll in the woods),1157
tima,1156
chikuwa.,1156
meyoco,1153
tf cafe,1152
6 (yuchae),1151
noai nioshi,1151
ikari manatsu,1150
goma (yoku yatta hou jane),1150
mota,1146
92m,1146
aoshima,1144
kemachiku,1143
kazenokaze,1140
urushihara satoshi,1138
chan co,1131
kashiwamochi yomogi,1128
spacezin,1127
kukie-nyan,1127
sakura oriko,1126
colonel aki,1122
dikko,1117
bai lao shu,1116
obiwan,1113
kanpa (campagne 9),1113
mossacannibalis,1113
zanntetu,1109
jack dempa,1107
iizuki tasuku,1104
yukimoto shuuji (gurigura),1095
piromizu,1094
aztodio,1092
horn/wood,1091
rtil,1089
momo no sukebe,1088
jinguu (4839ms),1087
rokuwata tomoe,1085
bee (deadflow),1084
niwarhythm,1084
lack,1083
fkey,1083
kaisen chuui,1080
zyugoya,1080
sakiyamama,1080
seo tatsuya,1076
doitsuken,1076
hoshizuki (seigetsu),1075
annin musou,1075
sakazaki freddy,1070
scottie (phantom2),1068
oekakizuki,1066
misumi (macaroni),1065
asaya minoru,1065
milkshakework,1063
massakasama,1060
hori (hori no su),1058
serebi ryousangata,1057
hizuki yayoi,1057
ayamy,1056
kuro kosyou,1056
mogudan,1045
shichimenchou,1044
ryoji (nomura ryouji),1043
awa,1043
minakami (flyingman555),1040
harada takehito,1038
menma (enaic31),1036
aoki (fumomo),1035
riichu,1035
himajin noizu,1033
zunusama,1032
odawara hakone,1028
eiri (eirri),1027
eroe,1026
7010,1026
catstudioinc (punepuni),1026
xinzoruo,1026
ragho no erika,1025
akinbo (hyouka fuyou),1024
riyo (lyomsnpmp),1024
sousouman,1024
kloah,1023
sakurazawa izumi,1022
criis-chan,1022
kichihachi,1020
choufu shimin,1019
morino hon,1019
kfr,1019
do m kaeru,1019
kenkou cross,1017
mo (kireinamo),1016
koyorin,1016
jin (mugenjin),1012
tanabe (fueisei),1011
bosshi,1010
sakimichan,1010
niichi (komorebi-palette),1010
abmayo,1008
qqqrinkappp,1006
cis (carcharias),1005
moke ro,1005
bigrbear,1004
kishida mel,1002
kazuma muramasa,1002
sakuraba yuuki,1001
em (totsuzen no hakike),998
maruki (punchiki),998
bbb (friskuser),998
mashuu (neko no oyashiro),998
nishieda,996
shirabi,996
setz,994
izawa (bhive003),993
akkijin,992
tenken (gotannda),991
lamb-oic029,990
untue,988
hoshi san 3,987
inaba shiki,984
kiritto,983
okina ika,981
lasterk,979
kurukurumagical,979
deadnooodles,977
kusaka souji,976
hospital king,976
eto (ikumika),976
non (z-art),975
geewhy,974
kairunoburogu,972
jun (navigavi),969
aono3,968
chengongzi123,968
mika pikazo,965
ominaeshi (takenoko),963
pas (paxiti),962
lambda (kusowarota),962
wisespeak,962
hotathino,962
yuuki hagure,961
shirow masamune,961
shibasaki shouji,961
kamogawa tanuki,959
sei (kaien kien),959
tandohark,958
moyazou (kitaguni moyashi seizoujo),958
gmkj,958
kopaka (karda nui),958
arinu,956
nagian,954
umanosuke,954
jeno,954
club3,949
mashiro yukiya,949
hikawa shou,947
nt00,947
mitsumi misato,946
saru,946
nii manabu,946
youmu-kun,946
oimanji,944
satou daiji,944
waterring,944
nanao naru,942
kara (color),941
minato ojitan,941
hase yu,939
kamelie,939
syhan,939
yuuji (yukimimi),938
konnyaku (kk-monmon),938
misu kasumi,933
chado,932
yagisaka seto,932
moyoron,932
ma rukan,930
ino (magloid),928
yume no owari,926
aki99,925
otohime (youngest princess),925
azasuke,924
sakino shingetsu,923
shengtian,923
cluseller,922
youkan,918
murata range,917
tofuubear,917
miyagoe yoshitsuki,915
komatsu eiji,913
haimura kiyotaka,913
ibuki notsu,913
greem bang,913
kou mashiro,912
watanabe akio,911
hong (white spider),911
ru zhai,911
aestheticc-meme,911
mimonel,910
maru (marg0613),910
kabocha torute,909
ergot,909
samip,909
momio,908
akina tsukako,907
sano toshihide,905
blew andwhite,905
kurikara,904
urin,904
magukappu,904
mamaloni,904
umigarasu (kitsune1963),904
rokugou daisuke,903
konbu wakame,903
youko-shima,902
huyumitsu,899
sciamano240,899
unfairr,898
kusanagi tonbo,895
yume shokunin,895
hibiki (zerocodo),895
kabayaki (kabayaki eel),894
mel (melty pot),892
wanta (futoshi),892
fuantei,891
ishii hisao,891
no-kan,891
i.u.y,888
guin guin,888
kawayabug,888
komeshiro kasu,887
torinone,886
gotou (nekocat),886
jazz jack,886
kishida shiki,886
g (genesis1556),884
no+bi=,883
shigino sohuzi,882
hagoonha,882
ryusei hashida,881
ulrich (tagaragakuin),880
aozora market,879
yukataro,879
nironiro,879
mamuru,879
mikazuki akira!,878
komaku juushoku,878
ittokyu,878
jetto komusou,875
sugimura tomokazu,873
nardack,873
kei jiei,872
gaou (umaiyo puyoman),872
kanzakietc,872
tsukareta san,871
atdan,870
ke-ta,869
parsley-f,868
komusou (jinrikisha),867
kirishima satoshi,866
fu-ta,864
kapatarou,864
isshi pyuma,863
fujisaki hikari,862
mattari yufi,861
fuzichoco,860
ajitarou (setsu),860
tetsu (kimuchi),859
komone ushio,859
daiaru,859
hayabusa,859
redrop,858
harada (sansei rain),858
minato hitori,858
oni-noboru,857
neoartcore,857
tsukiman,857
shinama,856
roke (taikodon),856
donguri suzume,856
varniskarnis,855
erere,854
raptor7,852
miyase mahiro,851
nonco,851
coffee-kizoku,850
syope,850
yt (wai-tei),850
iwbitu,850
muririn,847
liya,847
furukawa (yomawari),847
yamashichi (mtseven),846
e20,845
mtu (orewamuzituda),845
genyaky,845
halcon,845
haru (nakajou-28),844
shin (new),842
na-ga,841
mashiro miru,840
vahn yourdoom,840
mataro (matarou),838
harigane shinshi,838
monety,838
kobuichi,837
shiratama (shiratamaco),836
kuzuryuu kennosuke,835
mamerakkkkko,835
zheng,833
unasaka ryou,831
hitotsuki nebura,831
fujigaya arctia,831
unowen,830
hetza (hellshock),830
makicha (sasurainopink),830
akagashi hagane,829
kawakami rokkaku,828
40hara,828
yamato nadeshiko,828
n.g.,828
y.ssanoha,825
umekichi,824
mignon,824
hayashiya zankurou,824
ucmm,824
jcm2,824
marumikan,824
falken (yutozin),823
gotyou,822
sutahiro (donta),822
kanta (kanta 077),821
ichiba youichi,820
petenshi (dr. vermilion),819
ryouka (suzuya),819
inu (aerodog),819
rakugaki-biyori,819
shimmer,819
t2r,818
jizeru (giselebon),818
syuri22,818
hanzou,817
kouno hikaru,816
lm (legoman),816
lvl (sentrythe2310),816
herada mitsuru,815
miuku (marine sapphire),815
liang xing,815
zankuro,814
robaato,814
onsoku inu,813
kashu (hizake),812
neki (wakiko),812
starshadowmagician,811
amasora taichi,811
porurin,811
mozukuzu (manukedori),810
joy ride,809
wata do chinkuru,809
caffein,808
modare,807
alpha (yukai na nakamatachi),806
mikagami hiyori,805
chita (ketchup),805
hiro (hirohiro31),805
lielos,804
zucchini,804
torisan,804
minamura haruki,803
hemogurobin a1c,801
watarui,801
distr,801
mutsuki (moonknives),798
iwashi dorobou -r-,798
foxyreine,798
rikatan,796
qp:flapper,795
norasuko,795
kagematsuri,794
jellytits-7,793
yaneko uta,793
rui (sugar3),793
aster crowley,793
gashi-gashi,792
kurou (quadruple zero),792
kiyama satoshi,791
whoosaku,791
torriet,791
lindaroze,791
k hiro,790
pekeko (pepekekeko),788
welt (kinsei koutenkyoku),787
amazuyu tatsuki,786
kojima saya,786
baffu,786
kyouda suzuka,786
apple caramel,785
natsuki teru,785
coroha,785
yuki00yo,785
shashaki,784
cool-kyou shinja,783
marugoshi (54burger),782
sakimori dan,782
diesel-turbo,781
aoi (annbi),781
dopey (dopq),781
kanabun,781
tsuji santa,780
horiguchi yukiko,780
haoni,780
774 (nanashi),779
cuboon,779
gentsuki,779
melon22,779
adsouto,779
yamu (reverse noise),778
cian yo,778
chai (drawingchisanne),777
kousei (public planet),776
kurokoshou (emuburemu123),776
amazon (taitaitaira),775
porforever,775
omachi (slabco),775
himeyamato,775
takayaki,773
tasaka shinnosuke,773
rotte (1109),773
boushi-ya,772
m.m,771
nottytiffy,771
momiji mao,770
onija tarou,770
sen (astronomy),770
seiru (prairie),769
matsuda (matsukichi),769
silence girl,769
kawata hisashi,768
kiku hitomoji,768
nogi takayoshi,768
kimmy77,768
yoshizaki mine,767
sakimori (hououbds),767
hairu,766
nanashiro gorou,766
u u zan,766
casino (casinoep),766
muuran,765
kakure eria,765
ryuusei (mark ii),764
nekoya (liu),764
rei (rei's room),763
gogiga gagagigo,763
darumoon,763
bison cangshu,762
osiimi,762
kotoba noriaki,761
meimaru inuchiyo,761
furaggu (frag 0416),761
abe kanari,760
mae (maesanpicture),760
tsurui,759
lokulo no mawashimono,759
kuroboshi kouhaku,758
kotoyama,758
hotate-chan,758
pochimaru (marumaru wanwan),758
ryuuichi (f dragon),757
kutan,756
harusame (unmei no ikasumi),755
sazaki ichiri,754
takasuma hiro,754
konpeto,753
capriccio,753
popqn,752
mudou eichi,751
sousou (sousouworks),751
fumitan (humitan),751
hitsukuya,751
mokufuu,751
udon (shiratama),750
saki chisuzu,747
gibagiba,747
jjanda,747
tama (tamago),747
rororo,747
donburi (donburikazoku),746
jtveemo,746
fuji (pixiv24804665),746
fuya (tempupupu),745
nanoless,745
ameno (a meno0),744
nanaroku (fortress76),741
sunnysideup,741
seki (red shine),740
tama (tamatamo),740
bacius,740
pochincoff,740
madcore,740
mikan (chipstar182),738
makuran,738
hekiga (freelot),738
kasuga yukihito,737
goto p,736
kanduki kamibukuro,736
tsukumo (soar99),735
kobayashi chisato,735
ayanepuna,735
misumi (niku-kyu),735
ett,735
shuri (84k),734
nagare,734
michairu,734
barbariank,734
jabara tornado,734
itou yuuji,733
erubo,733
pochi (pochi-goya),731
buzzlyears,731
infinote,730
ameyama denshin,730
berusuke (beru no su),730
eretto,729
born-to-die,729
shinapuu,727
koyuki (kotatsu358),727
koku,726
mosho,726
finalcake,726
hm (hmongt),726
michael f91,725
givuchoko,725
seijun,724
satou kuuki,724
pokoten (pokoten718),724
nora higuma,723
yappen,722
daizu (melon-lemon),721
miwa shirow,720
kisetsu,720
culter,720
kimoshi,720
masuyama ryou,720
hirano katsuyuki,719
boa (brianoa),719
tottotonero,719
satou shouji,718
hiten (hitenkei),717
meremero,717
yoako,717
9law,716
konno tohiro,715
kuro suto sukii,715
namaniku atk,715
alp,715
nassukun,715
chaesu,715
xiujia yihuizi,714
nagishiro mito,713
norman maggot,713
topu,713
osashin (osada),712
kotobuki (tiny life),712
sooon,712
sakimiya (inschool),711
greenteaneko,711
mushi024,710
ricegnat,710
arnest,709
chamaji,709
morisobo,709
yone kinji,708
23 (real xxiii),708
cream (nipakupa),708
tenshin amaguri (inobeeto),708
omone hokoma agm,708
yamabukiiro,707
ancesra,707
aikawa ryou,706
swordsouls,706
mefomefo,706
koutaro,705
karory,705
felutiahime,705
hamao,704
rioshi,704
sukoyaka (100hituzi),704
futatsuki hisame,703
at classics,703
takana shinno,702
poronegi,702
xingzhi lv,702
seramikku,701
totokichi,700
zen33n,700
xenon (for achieve),700
daram (shappydude),700
socha,699
deco (geigeki honey),699
mizuumi (bb),699
masayo (gin no ame),699
mei (maysroom),698
mosha,697
jingai modoki,697
kamisimo 90,697
starraisins,697
nahaki,695
nozo (hitomiz),694
kumiko shiba,693
nyong nyong,693
maki (seventh heaven maxion),692
takanashi kei (hitsujikan),692
cad (caddo),692
sumeragi kohaku,691
aile (crossroads),691
akchu,691
rinotuna,691
ewa (seraphhuiyu),691
umishima senbon,689
kumadano,688
orizen,688
themaestronoob,688
noripachi,687
hot vr,687
michii yuuki,686
iahfy,686
mizuryu kei,685
yukichi (eikichi),685
greatm8,685
morikura en,684
darkmaya,684
mazjojo,684
juurouta,684
munmu-san,684
maboroshi mochi,684
engo (aquawatery),683
neko majin,683
kaetzchen,683
nakajima yuka,682
aurahack,682
tsukiyo (skymint),681
rui shi (rayze ray),681
yakob labo,681
crow (siranui),681
musouzuki,680
ebora,680
taketora suzume,679
hxxg,679
camonome,678
gomtang,677
yasuyuki,676
kaga3chi,676
at2.,676
baba (baba seimaijo),676
shnva,676
peach88,675
natsuya (kuttuki),675
karutamo,675
surio,675
sunhyun,675
ge-b,674
mikoyan,674
nedia (nedia region),674
pononozo,674
ao banana,672
john doe,672
seihekiog,672
mibu natsuki,671
kaiga,671
yuki arare,671
mondi hl,671
gazing eye,671
rin yuu,670
saigado,669
kokudou juunigou,669
ejami,669
harano,668
keenh,668
nigari (ngari 0115),668
shikushiku (amamori weekly),667
yuzuna99,667
kazutake hazano,667
yoo tenchi,667
nakamura regura,666
luke (dydansgur),666
neon-tetora,666
ndgd,665
dermar,665
jason (kaiten kussaku kikou),664
sako (bosscoffee),664
beijuu,664
nyaru (nyaru 4126),664
takaharu,663
hisasi,663
deyui,663
saishosaisekojo,663
yanagi (nurikoboshi),662
guweiz,662
amagi (amagi626),661
nagami yuu,660
natsu (anta tte hitoha),659
toukaairab,659
shinshin,658
hizuki akira,658
namauni,658
mayo riyo,657
amezawa koma,657
himiya jouzu,657
sakieko,657
hatano kiyoshi,657
nakatani nio,656
necro (nekurodayo),656
mashima hiro,655
piyokichi,655
rebe11,655
yoi naosuke,655
suminagashi,654
cofffee,654
d-rex,653
kamizono (spookyhouse),652
shibacha,652
seneto,652
nagase haruhito,651
homura subaru,651
ishikkoro,651
shinoasa,651
rom (20),651
genzoman,650
tori (minamopa),650
mukakin,650
sazanami mio,649
kotatsu (g-rough),649
takatsuki ichi,649
nishikujic,649
ruukii drift,649
ashiomi masato,648
akashio (loli ace),648
wokada,648
wakura (gcdan),647
infukun,647
senomoto hisashi,646
kuro chairo no neko,646
echj,646
pallad,646
crumbles,646
rifyu,645
khyle.,645
arano oki,644
wool (miwol),644
mawaru (mawaru),644
bococho,642
uni8,642
akasaai,642
toraishi 666,642
eudetenis,642
ryo (tg290),642
chacharan,642
nakahira guy,641
tanaka ryou,641
uranaishi (miraura),641
ryouma (galley),641
harimoji,641
gawako,641
hiememiko,640
akino shuu,640
yuzu momo,639
tony guisado,639
sak (lemondisk),639
nekoda (maoda),639
ohta yuichi,638
cura,638
hounori,638
sonson (eleven),636
846-gou,636
reia 76,636
nishimata aoi,635
bekkankou,635
yuto (dialique),635
hanasaka houcha,635
ouma tokiichi,634
hirasaka makoto,634
caryo,634
saitou masatsugu,634
masara (chuujou),634
fir3born,632
wada arco,631
anmi,631
hayashi custom,631
hyuuga azuri,630
fukahire (ruinon),630
kuena,630
kenshin187,630
nuu (nu-nyu),630
nagioka,630
nishii (damnedrive),629
kitahara tomoe (kitahara koubou),629
pataneet,629
takeuchi ryousuke,629
kedama milk,628
ri-net,628
lansane,628
waka (wk4444),628
senri gan,627
gensoukoumuten,627
greatmosu,627
mina cream,627
yadokari genpachirou,626
nannacy7,626
twrlare,626
ukata,625
eonsang,625
shexyo,625
y2,624
nameo (judgemasterkou),624
exlic,624
wss (nicoseiga19993411),624
itto (mentaiko),623
nekobungi sumire,623
mitsurugi sugar,623
ame.,622
uni mate,622
masami chie,622
korie riko,621
azuma aya,621
katayama kei,621
bae (baebae),621
takaman (gaffe),621
sukja,621
fukai ryosuke,620
zuwai kani,620
zannen na hito,620
suyasuyabi,620
yuuma (skirthike),619
yu-ta,619
tanashi (mk2),619
chamaruk,619
tamtamdi,619
fathom,619
shiroshi (denpa eshidan),618
cromachina,618
matanonki,617
ryuu.,617
darjeeling (reley),617
shima (wansyon144),617
azusa (hws),616
kisaragi nana,616
gin'ichi (akacia),615
hanekoto,615
yasume yukito,615
shirotsumekusa,614
kurona,614
ysys,614
free style (yohan1754),614
kyogoku shin,613
6u (eternal land),613
sankuma,613
kurione (zassou),613
kuroi mimei,613
nyuu (manekin-eko),613
sydus,613
redcomet,612
sakaki imasato,611
v-mag,611
amane hasuhito,611
azumi (myameco),611
timbougami,611
ransusan,611
synecdoche,610
fuukadia (narcolepsy),610
doyouwantto,610
hima,609
rouka (akatyann),609
kamiyoshi rika,608
narumi arata,608
mocha (cotton),608
shone,608
kamukamu (ars),608
stanley lau,607
midorikawa you,607
hitotose rin,607
ebiblue,607
less,607
riz,607
otoi rekomaru,606
kotobuki (momoko factory),606
yonedatomo mizu,606
yoshitomi akihito,605
zekkyon,605
gazacy (dai),605
shikito,605
roki (hirokix),604
ramudia (lamyun),604
aoi kumiko,603
dr.p,603
komi zumiko,603
kitahama (siroimakeinu831),603
gakky,602
kamezaemon,602
icomochi,602
muchi maro,602
miura-n315,602
matilda fiship,602
blushyspicy,602
fuuma nagi,601
suzunone rena,601
akeyama kitsune,601
komori kuzuyu,601
nigo (aozoragarou),600
j7w,600
kurot,599
kawai (purplrpouni),599
oda ken'ichi,598
oso (toolate),598
mvv,598
walzrj,598
shepherd0821,598
elfenlied22,598
namamo nanase,597
kozaki yuusuke,597
ekz (robotekz),597
ninai,597
super masara,596
omaru gyuunyuu,596
tenmaso,595
chihiro (kemonomichi),595
chameleon (ryokucha combo),595
murata tefu,595
emurin,594
quick waipa,594
sorani (kaeru0768),594
deaver,594
bunbun,593
sugiyuu,593
weee (raemz),593
mashuu masaki,593
sachito,593
kozue akari,593
kokaki mumose,593
munakata (sekimizu kazuki),592
hi you (flying bear),592
re ghotion,592
kannko bokujou,592
misteor,591
ideolo,591
myth1carts,591
aoi nagisa (metalder),590
azuki osamitsu,590
toutenkou,590
pigeon666,590
masakichi (crossroad),589
mitarashi kousei,589
poprication,589
gemu555,589
konishi (koconatu),589
redlhzz,589
tab head,589
kelvin hiu,589
natsume eri,588
dsmile,588
akagi kurage,588
tebi (tbd11),588
liz (piyoko piyop),588
anato finnstark,588
inoue sora,587
ganesagi,587
efe,587
mafuyu (chibi21),587
oroborus,587
azumi kazuki,586
nollety,586
rei (sanbonzakura),586
han (jackpot),586
ryosios,586
amano kouki,586
hiiragi yuuichi,586
terrajin,586
momose (oqo),586
nadegata,586
emily (pure dream),585
watanon (gakushokutei),585
kunabishi,585
krudears,585
papa (shimeguru),584
ichihaya,584
isaki (gomi),584
minust,584
twin (tt lsh),584
thomas 8000,584
inanaki shiki,583
sugano manami,583
maco22,583
kamikiririp,583
duke (inu daimyou),582
koi (koisan),582
yutakasan-love,582
m k,582
pottsness,582
tsune (tune),582
itou (onsoku tassha),581
h kasei,581
ginko (silver fox),581
nekoume,581
soranamae,581
kouda suzu,581
kojima takeshi,581
siu (siu0207),581
tomu (tomubobu),580
reku,580
suurin (ksyaro),580
shirokuma a,579
tajima ryuushi,579
tajima yuuki,578
inuinui,578
nishihara isao,578
fun bo,578
yukia (firstaid0),578
ica,577
hisen kaede,577
ryuki (ryukisukune),577
enjaku izuku,577
doushimasho,576
taishi (picchiridou),576
ayagi daifuku,576
baileys (tranquillity650),576
marukyuu ameya,576
ayakura juu,575
tro,575
takase muh,575
sazanami konami,575
kutsuki kai,575
hella p,575
nploser,575
hu dako,574
tsukasawa takamatsu,574
monori rogue,574
jyt,574
mitha,573
nobita (makoto7060355),573
muku (muku-coffee),573
taka (takahirokun),572
yonu (yonurime),572
sankakusui,572
toshishikisai,572
pan (mimi),571
tonarikeru,571
shingyou (alexander-13),571
colorful palette,571
yutuki ame,571
sakuya tsuitachi,570
saiste,570
ran'ou (tamago no kimi),570
kinona,570
yuuki rika,570
namie-kun,570
mata (matasoup),570
zaphn,570
kousaki rui,569
tomobe kinuko,569
luicent,569
chipa (arutana),568
silly (marinkomoe),568
eichi yuu,568
tsukui kachou,568
shikitani asuka,568
kekemotsu,568
bellhenge,568
tamago (yotsumi works),567
puuzaki puuna,567
mikazuki neko,567
kawase seiki,566
fuuen (akagaminanoka),566
yakihebi,566
you (noanoamoemoe),566
clamp (circle),565
pudgeruffian,565
toritora,564
yamada rei (rou),564
kurozawa yui,564
goshiki suzu,563
shinozuka jouji,563
alphonse (white datura),563
lockheart,563
qys3,563
pairan,562
noco (adamas),562
yakisobapan tarou & negitoro-ko,562
ateoyh,562
kamishima kanon,561
takanashi ringo,561
kyo (kuroichigo),560
yumesato makura,560
ai takurou,560
hidari (left side),560
monikano,560
shibafu (glock23),560
katagiri hachigou,560
mochizuki shiina,560
janong,560
kuromayu,560
op na yarou,560
kirero,559
yano mitsuki (nanairo),559
kikuyoshi (tracco),559
onsen tamago (hs egg),559
geshumaro,559
narue,559
dora ita,558
idkuroi,558
ouno (nounai disintegration),558
sawao,557
saipaco,557
kanno takanori,557
okiraku nikku,557
yapo (croquis side),557
yomosaka,557
niina ryou,556
60mai,556
suke (singekijyosei),556
nakabayashi zun,556
iwamoto eiri,555
aoki shizumi,555
fi-san,555
shibori kasu,555
mujinbensin,555
komakoma (magicaltale),554
ssalbulre,554
gabiran,554
orphen (pink seito),554
souryu,553
yumiya,553
tukino neru,553
batta (ijigen debris),553
haneru,553
yuri kyanon,553
seiran (mousouchiku),552
piyodera mucha,551
tsukudani norio,551
abandon ranka,551
deetamu,551
hanabusaoekaki,551
kazuma (kazumav),550
aki (neyuki41028),550
skeptycally,550
bluethebone,550
hxd,550
takayama toshinori,549
ajishio,549
rento (rukeai),549
imoko (imonatsuki),549
bluefield,549
harris hero,549
montemasa,549
onigirikun,548
kamiya tomoe,548
dannex009,548
segami daisuke,548
suujiniku,548
aningay,548
taikyokuturugi,547
mikazuchi zeus,547
haruri,547
po-ju,546
okitakung,546
fumitsuki (minaduki 6),546
cafekun,546
kakizaki (chou neji),545
amisu,545
zaxwu,545
shin'yashiki,545
randomboobguy,545
hakusai (tiahszld),544
tokita (jyabarachan),544
ittla,544
poyo (hellmayuge),544
mochirong,544
yuugen,543
meth (emethmeth),543
kibisake,543
blvefo9,543
shiratama (hockey),543
peroponesosu.,543
kanmiya shinobu,543
marota,543
akadako,543
kimura takahiro,542
sadamoto yoshiyuki,542
konshin,542
ougi hina,542
miya (miyaruta),542
dan (kumadan),541
koyubi (littlefinger1988),541
kuya (hey36253625),541
nanashino,540
amagai tarou,540
yajirushi (chanoma),540
nekobaka,540
shouji nigou,540
miwabe sakura,540
himura moritaka,540
yayoi maka,540
noya makoto,539
hanauna,539
siirakannu,539
naso4,539
kerorira,539
mitsumomo mamu,538
anbe yoshirou,538
muk (monsieur),538
paragasu (parags112),538
csyday,538
koume keito,537
pako (pakosun),537
yuiga naoha,537
mochizuki kei,537
neit ni sei,537
hanpenmaru,537
kurashima tomoyasu,536
toujou sakana,536
tsubasa (abchipika),536
dakku (ogitsune),536
zerocat,536
roropull,536
yae (mono110),535
rosuuri,535
tonpuu,534
takitarou,534
shiina excel,534
chyko7080,533
tsukumiya amane,533
sora 72-iro,533
laserflip,533
kawai ritsu (rits meg),533
miko (royal milk),532
toka (marchlizard),532
sameha ikuya,531
yuuki tatsuya,531
yudepii,531
sapphire (nine),531
gachou,531
yuano,531
shigatake,530
migolu,530
alex ahad,529
kadose ara,529
ham (points),529
missile228,529
sido (slipknot),529
kanden sky,529
rucchiifu,529
manino (mofuritaionaka),529
totatokeke,529
boshi (a-ieba),528
kurasuke,528
yaomai,528
miri (ago550421),528
fjsmu,528
ainy,527
nitamako (sakamalh),527
kikumaru bunta,526
negresco,526
kujou ichiso,525
a-ka,525
tusia,525
ji no,525
parari (parari000),525
nilitsu,524
ruton-niki,524
rasukaru,524
dars (recolors),524
mdf an,524
ringeko-chan,524
norizou type-r,523
izumi sai,523
takunomi,523
akino sora,522
peso (cheese company),522
chinomaron,522
haoro,522
prywinko,522
shintarou,521
done (donezumi),521
necomi,521
saraki,521
ormille,521
yoruny,521
okota mikan,521
daive,520
iroyopon,520
kasai shin,519
yuzuno nana,519
uenoryoma,519
squchan,518
shimouki izui,518
torino aqua,518
sakura yuki (clochette),518
akagi (fmttps),518
shpo,518
mimimi (mimimim9999),518
hijiri rei,517
andou shuki,517
momoshiki tsubaki,517
sasaame,517
squeezable (squeezabledraws),517
kiira,516
ryo (botugo),516
kadeart,516
maze (gochama ze gohan),516
yumaru (marumarumaru),516
papajay (jennygin2),516
megadeko,516
kurotofu,516
butter-t,515
haguhagu (rinjuu circus),515
misaka 12003-gou,515
taira yuuki,515
tiemu (man190),515
shellvi,515
suiren yurei,515
miyama-zero,514
noah (tettsui-sole),514
ayakashi (monkeypanch),514
yoshizawa tsubaki,514
chiimako,514
beifeng han,514
kayabakoro,514
lillly,514
haruakira,514
flipper,513
torimaru,513
otosama,513
yujup,513
sakuramochi (sakura frappe),513
ugatsu matsuki,512
dantewontdie,512
misaki nonaka,512
spam (spamham4506),512
kanniiepan,512
nia (nia4294),512
kamiya maneki,511
onono imoko,511
nyama,511
kakage,511
henshako,511
sakuraba hikaru (loveindog),511
hajika,511
kurotama,511
fugtrup,511
tksand,511
okuda yasuhiro,510
shiwasu horio,510
matsuda yuusuke,510
kugimiya atsuki,510
asakuraf,510
tokiani,510
kurata rine,510
kotoribako,510
mitsuba choco,510
cloba,510
mirai hikari,510
rakeemspoon,510
yoshioka yoshiko,509
minarai,509
naruse mai,509
wada kazu,509
ohasi,509
hokuro ryuuseigun,508
hikage eiji,507
akou roushi,507
lee (colt),507
subachi,507
softmode,507
feguimel,507
kajin (kajinman),507
utsusumi kio,507
gorgeous mushroom,507
tomokichi,506
soejima shigenori,506
imazon,506
shimejinameko,506
mleth,506
the golden smurf,506
sasamori tomoe,505
makacoon,505
asa no ha (awayuki),505
koyomania,505
suruga (xsurugax),505
niiya,504
kuroi (liar-player),504
oosaka kanagawa,504
torichamaru,504
takatsuki nato,504
damda,504
naoki (2rzmcaizerails6),504
satou atsuki,503
pokachu,503
kawachi koorogi,503
xter,503
tokkyu,503
san-pon,502
yoshida hideyuki,502
amano don,502
efukei,502
tokyo (great akuta),501
yuumei,501
shokuyou mogura,501
hachiko (hati12),501
hyde (tabakko),501
ray.s,501
tateha (marvelous grace),500
sw (taco),500
binsen,500
shennai misha,500
houzuki (hotondo),500
goyain,500
yan (nicknikg),500
paru rari,500
mikkoukun,500
honjou raita,499
sunaba suzume,499
jiji (aardvark),498
azuuru,498
suwaneko,498
f.s.,497
tatsumi ray,497
myama,497
kiryu manzoku,497
nagasioo,497
zasshu,497
cheer (cheerpuppy14),497
eko,496
abo (hechouchou),496
okuri banto,496
mappaninatta,496
kakone,496
simoyuki,496
klaius,496
radish p,496
chahan (fried rice0614),496
nekono matatabi,495
keuma,495
yuuka nonoko,495
kamonari ahiru,495
shuga (soranote),495
ume (plumblossom),495
kyuuba melo,495
ao usagi,494
akisora,494
hoshimiya aki,494
hero neisan,494
valtor,494
btmr game,494
jill 07km,494
sei shoujo,493
kippu,493
yuran,493
hayashi kewi,493
tokuura,493
artsy-rc,493
jun (aousa0328),493
gogalking,493
ookuma nekosuke,492
nikoo,492
saburou (hgmg),492
ken (koala),492
kinta (distortion),492
noumen,492
yoban,492
aomushi (mushamusha),492
shan,492
mirin chikuwa,492
jema,491
oda non,491
hiraga matsuri,491
yuizaki kazuya,491
ree (re-19),491
gengorou,490
weno,490
jeneral,490
suzushiro kurumi,489
mizuga,489
shigure ryuunosuke,489
nonono (mino),489
shiro kuma shake,489
silver (chenwen),489
aroma sensei,489
shiraha maru,489
gia,488
oda takayuki,488
naru (wish field),488
takeshima eku,488
matsumoto tomoyohi,487
teddy (khanshin),487
faustsketcher,487
scott malin,487
sixten,486
wahiko (black bastard),486
cessa,486
newo (shinra-p),486
hanpetos,486
tenako (mugu77),486
masuishi kinoto,486
fujikawa,486
araneesama,486
rune (dualhart),486
eiwa,485
akatsuki akane,485
chikado,485
wanaata,485
kokone (coconeeeco),485
uneg,485
sasayuki,484
nanase miori,484
lzh,484
tokunou shoutarou,484
terada tera,484
pettan p,484
kuro (toi et moi),484
wakamatsu372,484
osananajimi neko,484
hidulume,484
ryogo,483
yamasaki wataru,483
muu (mumumer),483
jonsun,483
zakusi,483
freng,483
xiaoxi0619,483
ikeda jun (mizutamari),482
ayato,482
teshima nari,482
hirunagi,482
shiwasu no okina,481
koflif,481
gustav (telomere na),481
marugoshi teppei,481
disco brando,481
sabamen,481
aosora2823,481
mpien,481
hitomaru,480
buriki,480
yu yu,480
l hakase,480
tobi (one),480
ahenn,480
advarcher,480
mocchi (mocchichani),480
gunp,479
sakayama shinta,479
tsuzuri (tuzuri),479
nuezou,479
akatsuki hijiri,479
judo fuu,479
jagaimo (kkamja),479
tsubasa tsubasa,479
gouta (nagishiro6624),479
sempon (doppio note),479
k mugura,479
monobe yuri,479
yana (nekoarashi),478
eho (icbm),478
baku-p,478
hamaken. (novelize),478
miyasu risa,477
tsurusaki takahiro,477
hijiri (resetter),477
kishiyo,477
hinata yuu,477
shamo (koumakantv),477
chocolat (momoiro piano),477
ogipote,477
kirigakure (kirigakure tantei jimusho),477
daichi (tokoya),477
meis (terameisu),477
haniwa (leaf garden),476
komori kei,476
rkrk,476
nucomas,476
loliconder,476
atg (wttoo0202),476
tsukemon,476
machismo fuji,476
glitchedpuppet,475
ina (gokihoihoi),475
kedamono kangoku-tou,475
yukie (peach candy),475
tappa (esperanza),475
mobu,475
hood (james x),475
goe (g-o-e),475
lazyprocrastinator,475
echo saber,475
ninoko,474
toudori,474
hitec,474
tachitsu teto,474
bonkara (sokuseki maou),474
nekoguruma,474
saku (kudrove),474
buran buta,474
nikaidou kou,474
shichigatsu,474
gar32,474
yashin (yasinz),474
namonashi,473
tsurukame,473
ponponmaru,473
ponytail korosuke,473
yamada (gotyui),473
miazi,473
yuihico,473
wsman,473
shakemi (sake mgmgmg),473
usa37107692,473
mikagami sou,472
hamada yoshikazu,472
nabeshima tetsuhiro,472
yuu (higashi no penguin),472
tachimi (basue),472
misekai 555,472
nichika (nitikapo),471
langbazi,471
sh (shinh),471
kalmahul,471
rex k,470
jilu,470
j@ck,470
e10,469
shingyouji tatsuya,469
ameto yuki,469
kuresento,469
kuronuko neero,469
monrooru,469
muryotaro,469
mashiro aa,469
amashiro natsuki,469
chigasaki yukari,469
sugue tettou,469
a.x.,469
fujitaka nasu,469
cccpo,468
tomohiro kai,468
arthur ko,468
ikemeru19,468
tsubobot,468
giraffe (ilconte),468
mao lian (nekokao),468
kurone rinka,468
yamashita takahiro,468
miclot,468
nagayori,467
kink (tortoiseshell),467
hakika,467
sankuro (agoitei),467
sesield,467
gin'you haru,467
zuizi,467
re:shimashima,467
a re,467
fagi (kakikaki),467
okama,466
azuma yuki,466
birii,466
ask (askzy),466
iroiro yaru hito,466
kazenoko,466
shamakho,466
makio (makiomeigenbot),466
deku suke,466
zunkome,466
shirogane (platinum),465
fumio (ura fmo),465
miyamoto issa,465
baba arumi,465
amazuki jou,465
errant,465
wacchi,465
chima q,465
kaname aomame,465
nao (ritsancrossover),465
apios,465
nat the lich,465
shirako (kirupi),465
shin'ya (shin'yanchi),464
fakepucco,464
biyon,464
ryota (ry o ta),464
risui (suzu rks),464
raika9,464
atte nanakusa,464
blazpu,464
norza,464
molu stranger,464
tinker bell (pixiv 10956015),463
izumi mahiru,463
takemura sessyu,463
naegi (naegidokoro),463
kl,463
guchico,463
shimatani azu,463
yukiwo,462
47agdragon,462
ayasugi tsubaki,462
nekomamire,462
sen (sansui),462
tadano magu,462
yetworldview kaze,462
gabriel evangel,462
vilde loh hocen,462
kanzaki hiro,461
capura lin,461
shiki (psychedelic g2),461
shin'ya (nanp),461
hatsunatsu,461
marumoru,461
colo (nagrolaz),461
shabana may,461
coro fae,461
nigou,460
happa (cloverppd),460
usoneko,460
sawayaka samehada,460
moketa,460
himitsu (hi mi tsu 2),460
kaminagi (kaminagi-tei),459
metata,459
sakuragi ren,459
shift (waage),459
trefle r,459
navy (navy.blue),459
tamayan,459
baretto (karasi07),459
tarakanovich,459
amania orz,459
kitaku (nakamachi machi),459
sparrowl,459
kupa (jesterwii),459
dino (dinoartforame),459
yamasan,458
kiikii (kitsukedokoro),458
makoto daikichi,458
tomozero,458
reverse (bluefencer),458
abazu-red,458
yamamomo (plank),458
alakoala,458
choco chip,457
ootomo takuji,457
yutazou,457
neko neko koneko,457
sekira ame,457
amonitto,457
aogisa,457
tea (nakenashi),456
jonylaser,456
kohsaka jun,456
n:go,456
sumisu (mondo),456
haganef,456
kkopoli,456
cedar (cedar japonica),456
tadano kagekichi,455
yuzuki gao,455
caidychen,455
comah,455
blue-senpai,455
madjian,455
akashieru,455
morii shizuki,454
nekomata naomi,454
utsurogi angu,454
tabigarasu,454
nakamura yukitoshi,454
asyura kumo,454
mana (remana),454
c-button,454
erkaz,454
regular mow,454
emyo,454
tomajiyama,454
blue borscht,454
takeda hiromitsu,453
mel/a,453
branch (blackrabbits),453
huke,453
hachi (chihagura),453
alexmaster,453
marushin (denwa0214),453
kei (soundcross),453
masanaga (tsukasa),453
akitokage,453
popopoka,453
rohitsuka,452
suzutsuki kurara,452
sorai shin'ya,452
neropaso,452
koumei (twinameless),452
chups,452
z.taiga,452
thomasz,451
massala,451
saku (osake love),451
mirei,451
gsusart,451
bullfalk,451
tokumi yuiko,450
osakana (denpa yun'yun),450
naoto (tulip),450
aria (koiiroharemoyou),450
silverxp,450
mataichi mataro,450
goback,450
shun (rokudena-shi),449
takemori shintarou,449
ubanis,449
edobox,449
mizuki (flowerlanguage),449
shounen (hogehoge),449
hanato (seonoaiko),449
makihitsuji,449
kuboken,449
koretsuki azuma,449
atahuta,448
pako (pousse-cafe),448
fujishima shinnosuke,448
huanxiang heitu,448
mukka,448
kodachi (kuroyuri shoukougun),448
nav (itsnav),448
ataru (ataru-littlebird),448
megahiyo,448
satsumapotato,448
kafu (logaemon),447
takaya n,447
tachibana roku,447
isegawa yasutaka,447
chicago-x,447
yuuyu (777),447
kawacy,447
murabito c,447
zamius,447
lumo 1121,447
dede (qwea 00000),447
imaichi,446
ryuuzaki ichi,446
kamo kamen,446
chata maru (irori sabou),446
jigatei (omijin),446
piyodesu,446
nikichen,446
yusha m,446
offbeat,446
amasawa natsuhisa,445
pop (electromagneticwave),445
kouda tomohiro,445
takahero,445
sukage,445
nyoro (nyoronyoro000),445
karamoneeze,445
kakao (chocolate land),445
kotatu (akaki01aoki00),445
serizawa (serizawaroom),445
enpe,445
hatori mia,445
tokonone,445
ikegami akane,444
m&m (mickey and mackey),444
siraha,444
chuunioniika,444
lm7 (op-center),444
panties (pantsu-pirate),444
reeh (yukuri130),444
fuchi (nightmare),444
bae.c,444
mochiyuki,444
hane yuki,444
kienbiu,444
akara kai,444
kinoshita ichi,443
niwatori kokezou,443
woofycakes,443
kochiya (gothope),443
magister,443
inkerton-kun,443
sakura hiyori,443
shunichi,443
nakano maru,443
mofu namako,443
kaiman garupan,443
kawagishi keitarou,442
kanna (plum),442
kita senri,442
kuppipi ramutarou,442
wataame27,442
tilt-shift (azalanz),442
merryweather,442
swkl:d,442
ry (yagoyago),441
shouji ayumu,441
dodai shouji,441
shirokitsune,441
mumu (mumunyan),441
kame (3t),441
mimikaki (men bow),441
asada hachi,441
nakkar,441
coffeekite,441
naruko hanaharu,440
sukemyon,440
suzuho hotaru,440
ninimo nimo,440
lunacle,440
redi (rasec asdjh),440
torii sumi,439
shiokonbu,439
kobamiso (kobalt),439
poco (asahi age),438
takehana note,438
kamioka shun'ya,438
qosic,438
ikazu401,438
mitsu (mitsu art),438
magowasabi,438
marimo danshaku,437
leon (mikiri hassha),437
koh (minagi kou),437
meiji ken,437
mitsugu,437
ramanda,437
niku (ni23ku),437
ebizome,436
z-epto (chat-noir86),436
cirenk,436
dandara (karakure),436
chocomiru,436
remsrar,436
katagiri hinata,435
mizutama,435
nishizawa,435
hoshino ouka,435
piripun,435
d-m (dii emu),435
o (rakkasei),435
ehrrr,435
dorontabi,435
hanada yanochi,435
7saki,435
yachima tana,435
kuuchuu yousai,434
pupps,434
mizunashi (second run),434
pandea work,434
hiiragi hazime,434
dra (area-s),434
erica (naze1940),434
sekai saisoku no panda,434
ratatatat74,434
yoru nai,434
kilesha,434
inudori,434
yoko juusuke,433
suichuu hanabi,433
tokoroten (hmmuk),433
shu-mai,433
caburi,433
takepoison,433
sho-n-d,432
achiki,432
accio,432
dyson (edaokunnsaikouya),432
hyurasan,432
okpriko,432
nakamura takeshi,431
mil (xration),431
kobayashi yuuji,431
mike inel,431
kazetto,431
shizuma yoshinori,431
vent arbre,431
combos & doodles,431
beudelb,431
tatami to hinoki,430
shiba itsuki,430
midnight (banyex),430
okitsugu,430
miwano rag,430
krekkov,430
lainart,430
murata yuusuke,429
jiroo,429
nanashii (soregasisan),429
magion02,429
deego (omochi bazooka),429
kiman,429
snm (sunimi),429
suito,429
ryou-san,429
masabodo,429
karasusou nano,429
techi (techi35499),429
momendoufu,429
moekibara fumitake,428
sasahara yuuki,428
hato haru,428
youta,428
purin jiisan,428
suterii,428
love cacao,428
collagen,428
gin00,428
wasabi60,428
ddolbang,428
kairakuen umenoka,427
harunatsu akito,427
saku anna,427
maou alba,427
tenchisouha,427
e volution,427
nasuno (nasuno42),427
task (s task80),427
zepher (makegumi club),426
urutsu sahari,426
119,426
feral lemma,426
suna (s73d),426
sage joh,426
yoshida keiji,426
daimaou ruaeru,426
robaco,426
jourd4n,426
noto kurumi,425
himegi,425
dakemakura-koubou,425
nnyara,425
ikeshita moyuko,425
somechime (sometime1209),425
calin,425
kisairo kaede,424
fuwa daisuke,424
ment,424
mizuta kenji,424
cross (crossryou),424
takara akihito,424
nanao (mahaya),424
kusano (torisukerabasu),424
shinmai (kyata),424
try (lsc),424
ks (xephyrks),424
inoshira,424
katou shinobu,424
yasaikakiage,424
rei kun,424
hyakumangoku masurao,424
chihunhentai,424
cocoballking,424
kannatsuki noboru,423
kokka han,423
arsenixc,423
atoki,423
kagami uekusa,423
km yama,423
kuro yuzu,423
kanzaki muyu,423
haruyuki (yukichasoba),423
baram,423
machi (7769),423
kaoling,423
inuyama nanami,423
naokomama,423
mame1645,423
tekehiro,422
saitou naoki,422
natsu no koucha,422
sasairebun,422
rei (tonbo0430),422
raiou,422
haruki (colorful macaron),422
muroku (aimichiyo0526),422
lightsource,422
nikki kyousuke,422
hosizora mikoto,422
kitajima yuuki,422
mabing,422
kinocopro,422
shinozuka atsuto,421
atelier-moo,421
ukokkei,421
kazuharu kina,421
zawameki,421
kujira naoto,421
shipii (jigglypuff),421
djheycha,421
tetsurou (fe+),421
yaman,421
pinta (ayashii bochi),421
ka (marukogedago),421
huqu,421
nullma,421
onikokko,421
rasusurasu,421
ichiyou moka,420
syunzou,420
kisaragi yuu (fallen sky),420
yuasan,420
gibun (sozoshu),420
yajuu,420
festa11307070,420
fengling (furin-jp),420
547th sy,419
gokuu (acoloredpencil),419
easonx,419
arizuka (catacombe),419
ayuma sayu,419
senju (snz0),419
kei (keigarou),418
nagi ryou,418
h2so4,418
redjuice,418
yamaguchi yuu,418
kago no tori,418
morizono shiki,418
yqgkg,418
nanohana (november.),418
speedl00ver,418
kon-kit,417
shikei,417
enami katsumi,417
lilish,417
akira (coffee curry),417
yagi (ningen),417
akai sashimi,417
demizu posuka,417
ko yu,417
rekaerb maerd,417
sakizaki saki-p,417
nez-box,417
arim0k0,417
piukute062,417
everyntrge,417
saeki hokuto,416
hoppege,416
ken (coffee michikusa),416
sasai saji,416
niy (nenenoa),416
cowfee,416
sunna (nilsunna),416
momoji (lobolobo2010),416
kuroi suna,416
hatoyama itsuru,415
bomber grape,415
mogu (au1127),415
greenmarine,415
amog,415
tsuutenkaaku,414
suien,414
watarase piro,414
endou hiroto,414
medu (rubish),414
mimofu (fullhighkick),414
junkpuyo,414
amedamacon,414
maruto!,413
mikage sekizai,413
om (nk2007),413
kazaana,413
tsuki tokage,413
sakiyo cake,413
masa masa,413
natuna natu,413
suisogenshi,413
zono (inokura syuzo029),413
centurii-chan (artist),413
ebifly,412
nohito,412
hijikawa arashi,412
bifidus,412
hanamiya natsuka,412
monorus,412
mizushina minato,412
umakuchi shouyu,412
bbc-chan,412
mayogii,412
sanshoku amido,411
nanahime,411
tonbi,411
ama-tou,411
syroh,411
puchiman,411
irohara,411
mura karuki,411
onineko-chan,411
cyicheng,411
pixie willow (voice actor),411
powerlesssong,411
hagiya masakage,410
watanabe yoshihiro,410
sekiya asami,410
akabane (zebrasmise),410
hagure kedama,410
muoto,410
nenobi (nenorium),410
racchi.,410
kanzarin,410
yourfreakyneighbourh,410
ld (luna dial398),410
maullarmaullar,409
gintarou (kurousagi108),409
ringo sui,409
miyako hito,409
unacchi (nyusankin),409
sawaya (mizukazu),409
ray-k,409
hater (hatater),409
gggg,409
sakura chiyo (konachi000),409
lynus,409
ro g (oowack),409
shinomu (cinomoon),409
marui koishi,409
kirai y,409
core (mayomayo),408
deras,408
tomari (veryberry00),408
chorimokki,408
r3dfive,408
kukumomo,408
aduti momoyama,408
nanaken nana,408
hashi,407
amino (tn7135),407
terazip,407
mizuki (koko lost),407
bukimi isan,407
satsuki neko,407
gomipomi,407
igayan,407
bakkanki,407
tanihara natsuki,406
motomiya mitsuki,406
dragon@harry,406
nonoririn,406
kippuru,406
minosu,406
solar (happymonk),406
super zombie,405
aida takanobu,405
enokuma uuta,405
nagu,405
ironlily,405
sakiryo kanna,405
tem10,405
shundou heishirou,405
yukineko1018,405
naufaldreamer,405
gryebooks,405
melowh,405
porqueloin,405
hashimoto takashi,404
niko (tama),404
nokoppa,404
aki (akikaze asparagus),404
hamushima,404
hyudora,404
tsukimori usako,404
nonaka ritsu,404
sakai kyuuta,403
kiriyama taichi,403
ryunnu,403
shimadoriru,403
kawagoe pochi,403
ayanero taicho,403
maccha (mochancc),403
kshimu,403
dasdokter,403
testa,402
sama samasa,402
cocozasa,402
kuroi susumu,402
aoi ogata,402
furau,402
shiraue yuu,402
redjet,402
chiyo (pk19981234),402
selcky,402
difman,402
moral cacoethes,402
yasuda akira,401
shino (eefy),401
maeshima shigeki,401
hayama eishi,401
samegami,401
nakamura hinato,401
amane ruri,401
satoupote,401
deel (rkeg),401
mayura (lucadia),401
junsuina fujunbutsu,401
jan azure,401
henria,401
kanekiyo miwa,400
hijiri tsukasa,400
kizaki yuuri,400
kurogarasu,400
sakurai makoto (custom size),400
gin (shioyude),400
ruri rarako,400
sato ame,400
horikou,400
sseopik,400
kurowa,400
aumann,400
kobaji,400
yoon cook,400
gnns,400
shirogane hina,399
uousa-ou,399
nababa,399
yamamoto arifred,399
kakao (noise-111),399
kaedeko (kaedelic),399
sarukaiwolf,399
arisaka ako,398
majoccoid,398
enami hakase,398
gale kawaii,398
yakitomato,398
gin moku,398
luminyu,398
feint721,398
takoyaki (roast),397
takamichi,397
ueda ryou,397
st.germain-sal,397
teruui,397
74,397
dyun,397
gomu (chewinggom),397
nanana (nanana iz),397
vihua6,397
gayarou,396
nekopuchi,396
takeda yukimura,396
kamata yuuya,396
yostxxx,396
pepe (jonasan),396
shugao,396
hakai shin,396
wata (attaka towel),396
shinmon akika,396
inunoko.,396
aono shimo,396
tachikoma (mousou teikoku),396
ekita kuro,396
chiharu (9654784),396
yamanokami eaka,396
leviathan (hikinito0902),396
skai kun,396
heebee,395
saikawa yusa,395
naz (garyuuya),395
soramuko,395
swav,395
hominamia,395
kuroshinki,395
cirilla lin,395
eggman (pixiv28975023),395
beeeeen,395
peach11 01,395
fluffydango,395
tyako 089,395
kito (sorahate),394
inugami kira,394
tenobe,394
moribuden,394
takatisakana,394
toriniku senshi chikinman,394
goku suzume,394
ayase hazuki,393
ai-wa,393
kso,393
shimo (depthbomb),393
sakurame,393
nakaaki masashi,393
nakayama miyuki,393
kokuchuutei,393
dema hmw,393
sakakiba misogi,393
tina fate,393
zurikishi,393
nyamota,392
kuronyan,392
obui,392
epiphone (flet06),392
asakawa (outeq),392
kuroonehalf,392
trente,392
mikeran (mikelan),392
panqlao,392
aoki ume,391
miyao ryuu,391
kiri futoshi,391
tetsujin momoko,391
umyonge (lkakeu),391
mizushima (p201112),391
nejikyuu,391
pizzasi,391
simao (x x36131422),391
nishida asako,390
ooji,390
minatsuki randoseru,390
kimishima ao,390
fujishima-sei ichi-gou,390
yaruku,390
miata (miata8674),390
yaza,390
kodamari,390
oro (sumakaita),390
rantana (lalalalackluster),390
hana mori,390
doradorakingyo,390
kyou (fr39),390
fujikawa daichi,389
aoi manabu,389
rella,389
irohara mitabi,389
hinagi (fox priest),389
neco,389
kino (m6t2a),389
lulu-chan92,389
automatic giraffe,389
pizza (pizzania company),389
nopetroto,389
greatodoggo,389
yu 65026,388
nidy,388
ario,388
murakami yuichi,388
keita (tundereyuina),388
koshika rina,388
osisio,388
harumina mau,388
asuzemu,388
umikochannart,388
arikawa satoru,387
narutaki shin,387
kugelschreiber,387
akane souichi,387
itolife,387
urabi (tomatohouse),387
kuurunaitsu,387
frfr,387
fifiruu,387
nanashin naomi,387
jiru (jirufun),387
minashirazu,387
fud,387
putcher,387
gatchan,387
aleriia v,387
pikaole,387
sakura no tomoru hi e,387
sasanon (sasapoliton),387
kajimakoto,387
heripantomorrow,387
nanami (nunnun 0410),387
tanaka shoutarou,386
hitoto,386
shirosuzu,386
tidsean,386
sabaku chitai,386
abbystea,386
teranekosu,386
shironeko yuuki,386
suou-sensei,386
aslindsamure,386
namiorii,386
clear glass (mildmild1311),386
satomura kyou,385
moribe (rabumanyo),385
tansuke,385
puuakachan,385
nekoshoko,385
t k g,385
kaorihero,385
naidong (artist),385
kokuzou,385
myusha,385
wanimaru,385
tokita monta,384
nagayama yuunon,384
hazuki (nyorosuke),384
13 (spice!!),384
tyone,384
bowwow (hamju94),384
kim eb,384
mabanna,384
kiona (giraffe kiona),384
saeki tatsuya,383
cyclone (reizei),383
gotou hisashi,383
matsushita yuu,383
hebitsukai-san,383
kion-kun,383
wataboku,383
ebihara beniko,383
box wonderland,383
mu46016419,383
sody,382
bubuzuke,382
island (kossori),382
ningen (ningen96),382
tomatto (@ma!),382
mm (mm chair),382
vivi (eve no hakoniwa),382
zumi (zumidraws),382
limgae,382
maromi (am97),381
haruichi (komikal),381
diisuke,381
yokoshima (euphoria),381
asa (coco),381
inoue takuya (tactactak),381
tsukigi,381
bekotarou,381
ina (1813576),381
aga marino,381
reinama,381
kokomi (aniesuakkaman),381
sorapoi,381
illu (illu stratos),381
arimura yuu,380
inuzumi masaki,380
himuro shunsuke,380
shigetake (buroira),380
maniacpaint,380
shishi juuroku,380
kibihimi,380
katsuobushi (eba games),380
funi mu9,380
tsukinami kousuke,379
kansou samehada,379
kuune rin,379
nekominase,379
otokamu,379
nebusoku,379
go-1,379
fizintine,379
shuuko (s h uuko),379
nashidrop,379
takahashi tetsuya,378
torigoe takumi,378
dangomushi,378
p19,378
menyoujan,378
doremi,378
arutera,378
takamine nadare,378
kyuuso inukami,378
minami koyogi,378
tenneko yuuri,378
yamanashi taiki,378
pukara,378
r-binon,378
iwao178,378
volkor,378
asiri senpai,378
jirou (chekoro),377
aoba (smartbeat),377
k10k,377
mono (moiky),377
retsumaru,377
takatora,377
libre,377
mx2j,377
bigdead,377
yamiochi umekichi,377
chikaretsu,377
mishima hiroji,376
masha,376
mosako,376
oyatsu (mk2),376
yamabuki (yusuraume),376
nosuku,376
snowball22,376
nekozuki yuki,376
shiratsuki shiori,376
rimuu,376
studiozombie,376
bang-you,375
speh,375
asterisk kome,375
bibi02,375
yoye (pastel white),375
usagihime,375
morino donguri,375
kirisame mia,375
yuuki (yuyuki000),375
koyashaka,375
lucknight,375
itohana,375
romi (346 ura),375
nonamejd,375
okame nin,375
mikagami mamizu,374
senmu (0107),374
hayama kazusa,374
kyokucho,374
nathaniel pennel,374
byulzzi,374
sasahara wakaba,374
k0ng,374
ao oni (onioni-aoi),374
matrix16,374
akaga hirotaka,373
abenattou,373
ochinsama,373
observerz,373
koikawa minoru,373
ebimomo,373
incase,373
kotteri,373
nac000,373
gengoroumaru (ambidextrous),373
akino ell,373
clarevoir,373
maett,373
harukigenia,372
fei (maidoll),372
hiroya juuren,372
kisaragi kaya,372
hirai yuzuki,372
shirasu uni,372
hsin,372
weidashming,372
alexander dinh,372
betock,372
snegovski,372
platunoy 787,372
ume (noraneko),371
hayakawa harui,371
sanpachishiki (gyokusai-jima),371
lam (ramdayo),371
akita hika,371
3 small spiders,371
n9at,371
midori foo,370
plum (arch),370
ech,370
rindou (radical dream),370
nejime,370
sgk,370
poaro,370
hitowa,370
s-a-murai,370
ibaraki natou,370
jan (lightdragoon),370
mibry (phrysm),370
the only shoe,370
ddangbi,370
coldcat.,370
mameshiba (pixiv 59310),369
4shi,369
kaguyuzu,369
chagen kokimu,369
nemu (nebusokugimi),369
ruhika,369
kaoruru (sakuno2911),369
hazuki natsu,369
kuragari,369
tsukikage oyama,369
sbs,369
pepper0,369
ez6,368
sasaki akira (ugc),368
fujishiro emyu,368
mashima shima,368
haori io,368
gishu,368
hoshi (snacherubi),368
sasa onigiri,368
refeia,367
miyai sen,367
garnet,367
hideko (l33l3b),367
rindou (p41neko),367
yutsu,367
kazeno,367
anti (0324),367
folks (nabokof),367
huanxiang huifeng,367
hai ookami,367
miyako (naotsugu),367
bakugadou,367
hyanna-natsu,367
ranf,367
rob ishi,367
melaton,367
helloimtea,367
opossumachine,367
fbc,366
ha-ru,366
matoyama,366
dos (james30226),366
aya shachou,366
maiku,366
shougun (chuckni1),366
liduke,366
chitosezaka suzu,366
akisome hatsuka,366
kaoming,366
chorefuji,366
saeki sora,366
gaston18,366
kanola u,366
kyousaru,366
tobimura,366
sookmo,366
tengu (tetuo kun),365
fujiwara akina,365
zan (harukahime),365
kankitsunabe (citrus),365
senji (tegone spike),364
mizuki kotora,364
rustle,364
kuguri oimo,364
yoekosukii,364
geppewi,364
tomo (sjim),364
dean (momodean),364
citron 82,364
wlop,364
nokuhashi,364
tokiwa midori (kyokutou funamushi),364
easy (aqk7bdqt),364
hanomido,364
airisubaka,364
miyoshi yoshimi,364
takenoko no you,364
catnnn,364
tan (inka),364
mile (off8mile),364
potg (piotegu),364
soba (saz),363
amano chiharu,363
rejean dubois,363
nian (zhanian),363
duoyuanjun,363
eisu (eith),363
moebell,363
leonat,363
aetherion,363
steed (steed enterprise),362
hechi,362
kim hyung tae,362
rioka (southern blue sky),362
kaede (sayappa),362
akinaie,362
kazu (muchuukai),362
yasojima nejiro,362
ebido,362
fujieda uzuki,362
nekometaru,362
fuumi (radial engine),362
dosugon,362
lewdamone,362
comiching,362
raine (acke2445),362
uenomigi,362
naruse hirofumi,361
tooo,361
tan (tangent),361
midori (misuriru8),361
watao,361
maccha,361
tinnies,361
yuzuruka (bougainvillea),361
sohin,361
milka (milk4ppl),361
aak,361
itsuka neru,361
ikkyuu,360
kurose kousuke,360
kuro (be ok),360
71,360
f7(eiki),360
denhijou niki,360
nagineko,360
zellam,360
maruma (maruma gic),360
tokio (okt0w0),360
razalor,360
tuteurfars shin,360
reel (riru),360
an yasuri,360
arind yudha,360
egami,360
goom (goomyparty),360
tiv,359
irua,359
kiyomin,359
harumachi nagaaki,359
kyouno,359
shigure ui,359
pun2,359
isedaichi ken,359
asahina hikage,359
kat (bu-kunn),359
ohlia,359
hainchu,359
muromaki,359
lotosu,359
yuusuke-kun,359
mikimoto haruhiko,358
yoshimoto (dear life),358
hanada hyou,358
jouzaburou (joe3),358
konayama kata,358
take shinobu,358
kurokuro,358
kitsuneno denpachi,358
danimaru,358
ranma (kamenrideroz),358
gojarun,358
sou (soutennkouchi),358
sendo (sendrawz),358
na tarapisu153,358
flx,357
kikurage (crayon arts),357
sayakata katsumi,357
racer (magnet),357
matsurika youko,357
saya (mychristian2),357
migihidari (puwako),357
kujou danbo,357
ikurauni,357
10mo,356
ryu (ryu's form site),356
sorimura youji,356
minazuki juuzou,356
tomoshibi hidekazu,356
shizuna kaede,356
funamusea (artist),356
u35,356
ishimiso (ishimura),356
marisasu (marisa0904),356
ichirugi,356
sune (mugendai),356
ankkoyom,356
arcie albano,356
hatsuzuki 527,356
pudding (skymint 028),356
takano yuki (allegro mistic),355
ishida akira,355
ponsuke (pon00000),355
ariverkao,355
daito,355
tokiomi tsubasa,355
aruman,355
rinndouk,355
forest (4423),355
handsome wataru,355
kane-neko,355
goomrrat,355
splashbrush,355
criin,355
mamiyama,355
azuma shino,355
haruyuki (gffewuoutgblubh),355
unsfrau,355
kkato,355
ame (amechan17391739),355
mac star,355
ningen mame,355
mutsu (layergreen),354
chm (macharge),354
kageshio (276006),354
agetama,354
mitsudoue,354
ayakumo,354
bomhat,354
hellandheaven,354
ushiyama ame,354
vertigris,354
naitou kouse,353
fuji shinobu,353
ushiki yoshitaka,353
mito (go!go!king!),353
meme50,353
pija (pianiishimo),353
tenjou ryuka,353
nunucco,353
boyano,353
kuhotaka,353
ponpu (pumpkinsinclair),353
fukuro daizi,353
zanamaoria,353
green322,353
todding,353
fouriasensei,353
yamauchi noriyasu,352
chiba toshirou,352
akaza,352
gotou keiji,352
rasahan,352
interstellar,352
kagerou (kers),352
takorice,352
aka tawashi,352
throtem,352
terupancake,352
jasony,352
himadera,352
mamimi (mamamimi),352
fushirun rung,352
yokota mamoru,351
lasto,351
cosmic (crownclowncosmic),351
yuuzii,351
ekao,351
pole (ppp1409),351
anzu (o6v6o),351
mana (tsurubeji),351
kakiko210,351
carlo montie,351
kesoshirou,351
dduck kong,351
oosaki shin'ya,350
thor (deep rising),350
mitake eil,350
aikei ake,350
apt,350
xia (ryugo),350
negahami,350
suwa yasai,350
cyancapsule,350
kinako (shiratama mochi),350
spicy moo,350
nyan (reinyan 007),350
eufoniuz,350
habsida (habsida hpy),350
cosaten,349
moudoku (decopon3rd),349
ashiroku (miracle hinacle),349
kinfuji,349
aohashi ame,349
taurine 8000mg,349
da-kuro,349
sheita,349
namako daibakuhatsu,349
hz (666v),349
sp0i0ppp,349
yukian,348
nns (sobchan),348
mashayuki,348
hokuto (scichil),348
hao (patinnko),348
ekakibito,348
chii (tsumami tsumamare),348
lemon89h,348
shiitake taishi,348
ko~cha,347
ikeda kazumi,347
nanateru,347
yukiu con,347
kisaragi zwei,347
fukuda shuushi,347
keyaki chimaki,347
horokusa (korai),347
dev (dev0614),347
aramori susumu,347
meion,347
zd (pixiv6210083),347
redrabbit44,347
ayanakitori,347
batrobin k,347
haga yui,346
wan'yan aguda,346
yui toshiki,346
gin (ginshari),346
kuwashima rein,346
muramasa mikado,346
batsu,346
nochita shin,346
akizora momiji,346
ogros,346
kem kem,346
kotobuki (stealth sendan),346
anarogumaaa,346
ino (tellu0120),346
tkgsize,346
terakoya,346
michihasu,346
usagi nui,346
goldowl,346
mcgunngu,346
kokihanada,346
neneneji,346
asaga aoi,345
choborau nyopomi,345
paopao,345
kuroemon,345
doko tetora,345
hiyuu (hiyualice),345
brll,345
h2o (ddks2923),345
tamagogayu1998,345
waterkuma,345
aposine,345
monchan rev3,345
icehotmilktea,345
u u ki u u,345
teranen,345
koyama hirokazu,344
riku (rikkuru),344
onomeshin,344
xe (execut3r),344
akino komichi,344
atoshi,344
ichi (ichikai),344
nishiuri,344
seren (staphy),344
kita (kitairoha),344
haseru (ginku mh),344
inuno rakugaki,344
hiranko,344
kamu (geeenius),344
fyuo,344
kazepana,344
yuki (popopo),343
fengmo,343
juexing (moemoe3345),343
rakurakutei ramen,343
jadenkaiba,343
chimunge,343
kutabireta neko,343
rerrere,343
witoi (roa),343
allenes,343
thin (suzuneya),343
keita naruzawa,343
ziro (zirorong),343
akira shiun,343
mark gavatino,343
egawa satsuki,342
kawai makoto,342
nishiide kengorou,342
hyakuhachi (over3),342
kagachi saku,342
nakadori (movgnsk),342
applekun,342
myuu (arisumeria),342
yepnean,342
kagemusha,342
kvlen,342
dearonnus,342
pumpkinspicelatte,342
nonoyama,342
kionant,342
usatarou,341
oyu udon,341
buzz (moi),341
blueberry (5959),341
sakura ani,341
sakuyu,341
kentaurosu,341
pomu (joynet),341
utopia,341
elizabeth (tomas21),341
gao (gaolukchup),341
uno ryoku,341
sinensian,341
genek,341
xo (xo17800108),341
tyrone,341
bokoboko (pandagapanda1),341
paddy field,341
ereka,341
butterchalk,341
tyakomes,341
akamaru,340
shirahane nao,340
takeda aranobu,340
chomoran,340
winn,340
kyougoku touya,340
so-bin,340
watanore,340
tsukumizu yuu,340
muffin (sirumeria),340
sawada yuusuke,340
fukurou (owl222),340
hanya (hanya yashiki),340
moyori,340
byte (allbyte),340
gorilla (bun0615),340
taneda yuuta,340
kurachi mizuki,340
leonmandala,340
gyouza (mhea5724),340
temu (temp mumu),340
oshiki hitoshi,339
zenkou,339
momo (higanbana and girl),339
ram hachimin,339
cierra (ra-bit),339
koissa,339
samidare (hoshi),339
shake-o,339
idaten93,339
fuusuke (fusuke208),339
suerte,339
appleq,339
hyouuma,339
okayado,338
charin,338
hiiringu,338
hisae (hisae collect),338
kosshii (masa2243),338
takecha,338
umino mokuzu (shizumisou),338
shoujo donburi,338
ogawa shou,338
neve (morris-minicooper),338
dakusuta,338
akitetsu,338
joman,338
joshua (shisanli934),338
mi taro333,338
nai ga,338
ooranokohaku,338
nyororiso (muyaa),337
ttomm,337
shiden (sashimi no wife),337
ganari ryuu,337
rotix,337
coin rand,337
elleciel.eud,337
ipuu (el-ane koubou),337
wangxiii,337
asha,337
blueorca,337
mamemochi,337
rangu,337
kutone shirika,337
momisan,337
minakata sunao,336
lunch (shin new),336
kamia (not found),336
nejikirio,336
iwamoto zerogo,336
sagami jon,336
fishine,336
lillithlauda,336
sen1986,336
kyuu (plastic night q),336
blue gk,336
urec,336
sonao,336
tono (rt0no),336
koya (koya x 00),336
onedoo,336
toi8,335
parororo,335
ashiyama yoshinori,335
chiaki rakutarou,335
wangchuan de quanyan,335
usamata,335
salmon88,335
berabou,335
norizc,335
tostantan,335
shinonome asu,335
ddari,335
akaoni (zumt3548),335
5danny1206,335
tenten (chan4545),335
kamidan,335
hiroyuki,334
oshiruko (uminekotei),334
tousen,334
cuteg,334
iwasaki takashi,334
ukyo rst,334
hirune (konekonelkk),334
chiwino,334
chibirisu,334
wewe,334
matemi,334
cherry-gig,334
brat (brabrabrat00),334
haru (konomi 150),334
igarashi kyouhei,334
ojo aa,334
hioyami,334
satomi (black scarecrow),333
karochii,333
kitiroku,333
oyaji-sou,333
h-new,333
shihou (g-o-s),333
unadon,333
meeko,333
kitayama miuki,333
mizin kosutin,333
sila (carpen),333
u-non (annon'an),333
ohland,333
itatatata,333
georugu13,333
mameeekueya,333
fukuro (maruaru00),333
orushibu,332
ddal,332
tsurusaki yuu,332
oukawa yuu,332
shinekalta,332
taiki (6240taiki),332
shin'en (gyokuro company),332
x-t3al,332
kaede (mmkeyy),332
fangxiang cuoluan,332
megao 3rd,332
toshimichi yukari,332
sakaki (noi-gren),331
hanokage,331
watarai keiji,331
naik,331
mamedenkyuu (berun),331
nozomi tsubame,331
ono misao,331
citemer,331
popon ta,331
ringozaka mariko,331
ichiren namiro,331
ex idol,331
mendou kusai,331
bukkuri,331
nemoto yuuma,331
taesi,331
hamedoragon,331
artpatient,331
silvertsuki,331
eus ing,331
kabocha (monkey4),330
sasaki tomomi,330
pu-en,330
ichikawa masahiro,330
dise (psychoro),330
fumiko (mesushi),330
nibiiro shizuka,330
aki poi,330
melopun,330
shisei (kyuushoku banchou),330
noeyebrow (mauve),330
coa (chroo x),330
lamb (hitsujiniku),330
kozou (soumuden),330
soukou makura,330
ayul (ayulneri 92),330
hajin,330
somebody (leiking00),330
take (trude1945oneetyan),330
ebinku,330
qing wu,330
rin-sin,329
tabata hisayuki,329
kanoe soushi,329
ichizen (o tori),329
zetsumame,329
indesign,329
spirytus tarou,329
yunekoko,329
less end,329
hhh (wave),329
coyucom,329
dk.senie,329
raikoart,329
jikatarou,329
fantongjun,329
omar dogan,328
cris art,328
kaiza (rider000),328
sowel (sk3),328
uyama hajime,328
shikino yuki,328
yana mori,328
benitama,328
yadapot,328
koruse,328
haruhata mutsuki,328
qian wu atai,328
yoichi (umagoya),328
comodomodo,328
picter,328
vivo (vivo sun 0222),328
suzuki kyoutarou,327
kuroda bb,327
mado (mukade tou),327
rib:y(uhki),327
bell (oppore coppore),327
nanahara fuyuki,327
fangdan runiu,327
nishida megane,327
saihate (d3),327
toridamono,327
luse maonang,327
tsukimoto kizuki,327
revolverwing,327
yuki (asayuki101),327
sekiguchi miiru,326
shima-shuu,326
mokke (mokke99),326
bokuman,326
nksk,326
chaki (teasets),326
kanjy00u,326
hey taisyou,326
bucchake (asami),326
nou (nounknown),326
badcompzero,326
curse (023),326
kaptivate,326
ie (raarami),326
aikome (haikome),326
youzaiyouzai112,326
akino hamo,325
tokiame,325
fue (rhomphair),325
suimya,325
sakurai energy,325
ar (rikuesuto),325
kureha mitsushige,325
dearmybrothers,325
maho moco,325
hajime (hajime-ill-1st),325
potato pot,325
shunsuke,325
jiino,325
onnaski,325
mazume,325
anza tomo,325
drew (drew213g),325
ricochet-gou,325
chawan (yultutari),325
takashia (akimototakashia),325
maggea22,325
merrytail,325
nishizuki shino,325
puyo (puyotopia),324
murakami hisashi,324
sinzan,324
ayuayu (shouyu no sato),324
chiri (atlanta),324
amibazh,324
ugume,324
hita (hitapita),324
mountain han,324
jaho,324
tateishi kureha,324
nima (niru54),324
gulp5959,324
logan cure,324
yuyaiyaui,324
nishimura eri,323
hinoue itaru,323
rudoni,323
nakano sora,323
kurono yuzuko,323
fuji fujino,323
hama chon,323
fumutarou,323
k2isu,323
daidai ookami,323
ataru (cha2batake),323
suoiresnu,323
cypress,323
shingo (missing link),322
tsukushi akihito,322
qkat (arikawa-dou),322
amami amayu,322
sora to umi,322
daitai konna kanji,322
take (shokumu-taiman),322
bowalia,322
mousou (mousou temporary),322
ruuto (sorufu),322
huan li,322
moe (hamhamham),322
zonda (solid air),322
namiki (remiter00),322
kurebayashi noe,322
narynn,322
makaroll,322
furuyama itaru,322
zirba,322
maru ccy,322
qixia,322
tama (songe),321
nakasone haiji,321
kibanda gohan,321
kimura shiki,321
amai nekuta,321
10eki (tenchou),321
hagino kouta,321
yuyu (00365676),321
ttanuu.,321
nidaime (doronbo),321
akahi242,321
ao (flowerclasse),321
hama! (3toshinhmkz),321
boppin,321
blacknirrow,321
akakage red,320
bob (biyonbiyon),320
poipoi purin,320
fal maro,320
non (nuebako),320
vento,320
kuroba rapid,320
mitsuyo (mituyo324),320
jp06,320
shiroshisu,320
aikir (jml5160),320
yamauchi (conan-comy),320
kiriya (552260),320
gou lianlian dogface,320
betabeet,320
hanny (uirusu chan),320
some1else45,320
ruteko (ruko220),320
toto nemigi,319
sou (tuhut),319
pumpkinpan,319
matsuda hikari,319
yaguo,319
meitoro,319
gomzi,319
tsukino (nakajimaseiki),319
asatsuki (fgfff),319
hiyori (rindou66),319
mamyouda,319
haraya manawari,319
renetan,319
shiren (ourboy83),319
randou,318
salamander (hop-step),318
orion (orionproject),318
hijiki (hijikini),318
sacraneco,318
nada haruka,318
beritabo,318
nagomi (mokatitk),318
teoi (good chaos),318
nakatokung,318
nicky w,318
yomogi (black-elf),318
yamamori kinako,318
moshimoshibe,318
ya-man,318
shimhaq,318
tatsunami youtoku,317
ikeda shouko,317
suzume inui,317
mhk (mechamania),317
sumisaki yuzuna,317
boyaking,317
kanapy,317
tof,317
takeyuu,317
musshu (omu001),317
harihisa,317
mapar,317
umiroku,317
ouhara lolong,317
lakilolom,317
ling s,317
hadashi no kenji,317
hiramedousa,317
gins,317
katwo,317
herohero (higashi no dou),317
kanaria hisagi,317
koohiitei shinbo,317
hinata (user rjkt4745),317
hirowa nagi,316
isse,316
tsurugi hagane,316
r-king,316
onineko,316
gatau,316
yude,316
kamimiya,316
pokimari,316
marimo (yousei ranbu),316
kaede (yumesaki kaede),316
chounorin,316
hjl,316
minami saki,316
anzu ame,316
mitsunara,316
ohitashi netsurou,316
saitou (lynx-shrike),316
rat huang,316
shiodome oji,316
olchas,316
zhibuji loom,316
gyozanuko,316
ribiadan,316
c (theta),316
nimura yuuji,315
harukaze unipo,315
masaru.jp,315
booota,315
vinhnyu,315
owa (ishtail),315
johan (johan13),315
kaneni,315
hinami047,315
jikuno,315
diives,315
shiming liangjing,315
rum raisin (chihiromakita19),315
risumi (taka-fallcherryblossom),315
49s-aragon,315
tsu (lovesick1964),315
sanshita,314
safi,314
uni (plastic girl),314
namidame,314
kamiyama aya,314
miyuki ruria,314
kitano (kitanosnowwhite),314
ashita (2010),314
eredhen,314
nam (valckiry),314
syatey,314
totoki86,314
morinaga miki,314
enosan,314
yuujin (yuzinn333),314
nvl,314
kaos art,314
robo mikan,314
abe yoshitoshi,313
sashizume soutarou,313
henyaan (oreizm),313
suetake (kinrui),313
q (ed69),313
kofunami nana,313
lloule,313
ogata tei,313
chikuwa savy,313
kamee (kamee f),313
huyandere,313
tarmo,313
taro (tontaro),313
kaneko ryou,313
shiwa (siwaa0419),313
fuyumi kazuki,313
yuzuriha (active homing),312
go robots,312
tsuji kazuho,312
jadf,312
jairou,312
unagi (kobucha blaster),312
fly (marguerite),312
ero kaeru,312
atsushi (aaa-bbb),312
hiroki ree,312
ia (ias1010),312
chowbie,312
shimure (460),312
zenrakishi,312
curss,312
guman project,312
nero augustus,312
sameda koban,311
ishihara masumi,311
gucchiann,311
hakui ami,311
kurororo rororo,311
aoi kujira,311
munlu (wolupus),311
tottoto tomekichi,311
jaku sono,311
sogaya,311
iroha (shiki),311
nyifu,311
saizu nitou gunsou,311
ah-lyong lee,311
gegeron,311
shirushiki,311
sakurato ototo shizuku,311
tnr (horiko1525),311
in (ain),311
yoon (dmsco1803),311
sun iiinu,311
usatsuka eiji,310
vashperado,310
banpai akira,310
hou (hachiyou),310
makimura shunsuke,310
nyori,310
yuuta (monochrome),310
asameshi,310
warashi,310
hori shin,310
suenari (peace),310
mimoto (aszxdfcv),310
shirase (shirose),310
re (re 09),310
ndtwofives,310
kanachirou,310
tomato rice,310
lobelia (saclia),310
kotatsu kaya,310
ferret-san,310
ri (qrcode),310
nabe puyo,310
amogan,310
kagoya1219,310
fujii masahiro,309
yoshito,309
shiranagi,309
kezune (i- -i),309
emanon123,309
wasabi (sekai),309
sougetsu (yosinoya35),309
matsui yasutsugu,309
cream cod,309
yewang19,309
jj (ssspulse),309
mizukoshi (marumi),309
greenopi,309
gzei,309
tridisart,309
yampa,309
ni (221),309
u yuz xx,309
asura (asurauser),309
amahara subaru,309
watanuki (enu),309
camui1104,309
barbarian tk,309
asanagi shion,309
tako (plastic protein),308
katatsuka kouji,308
sen'yuu yuuji,308
negi (ulog'be),308
doxy,308
nuriko-kun,308
hazuki ruu,308
ripu (lipi),308
tonami kanji,308
nekono rin,308
fukuroumori,308
neku (neku draw),308
unapoppo,308
outo eguchi,308
osumoto1,308
gomulgong,308
kobinbin,308
sanari (quarter iceshop),307
tamu (mad works),307
mizuhara yuu,307
ikuyoan,307
hazuki haru,307
isuka,307
nanahamu,307
jaco,307
z.i,307
yutamaro,307
nicoby,307
yatsuhashi kyouto,307
fish.boy,307
cai geng,307
krokobyaka,307
ooyun,307
hiyama yuu (wee259hiyama),307
nonbire,307
koahri,307
tommy (kingdukeee),307
osame,307
akaneya,306
usume shirou,306
c.r.,306
hakaba (dairiseki),306
kazabuki poni,306
dancho (dancyo),306
nuka (nvkka),306
tomoo (tomo),306
ame (uten cancel),306
doppel (bonnypir),306
tuxedo de cat,306
yuuyuu (yuuki1771),306
toshizou (0714),306
setmen,306
eruu (eruuman),306
valefal coneri,306
imai kazunari,305
tatekawa mako,305
hirose (mokiki),305
mieharu,305
bunji,305
viola (seed),305
paint musume,305
ataruman,305
nightcat,305
sino (sionori),305
aki663,305
jiffic,305
luminous slime,305
chocoan,305
stormcow,305
obj shep,305
meng ziya,305
sasucchi95,305
chamchami,305
igni tion,305
sebu illust,305
ui frara,305
endou okito,304
musen-shiki sanhankikan,304
harusame (rueken),304
kisw2010,304
tsunoji,304
polarityplus,304
puge,304
nami (nyaa),304
huwari (dnwls3010),304
sazamiso rx,304
turisasu,304
rinzo,304
ssambatea,304
folait,304
pot-de,304
andou you,304
nextoad,304
sunday aki,304
unime seaflower,304
loodncrood,304
suna (sandworks),303
rikumaru,303
nase,303
miyabi akino,303
courreges ace,303
vanilla (miotanntann),303
tarachine,303
ichinomiya (blantte),303
mikomachi (35machi),303
ctrlz77,303
sasa kichi,303
doushi tatsu to dekkai no,303
loooyd,303
satori (aosky9077),303
zinno,302
kannazuki hato,302
urushi,302
ayasaka,302
indosou,302
takami masahiro,302
alchera,302
omutatsu,302
nora wanko,302
calcio,302
tsukamoto minori,302
fuooooo,302
nhaliz,302
rinto (rint rnt),302
reoen,302
rikume,302
reddizen,302
st (youx1119),302
fadingz,302
rea loixacra,302
brassica,302
urara (ckt),301
ryo (liver sashi daisuki!),301
q azieru,301
tomoyuki kotani,301
tantaka,301
rougetsu (eclipse),301
yuku (kiollion),301
doraeshi,301
eiji (eiji),301
fukutarou (enji127),301
kagiyama shachou,301
nightmare77zx,301
cygnus (cygnus7),301
purin a la mode (popup),301
minase (takaoka nanase),301
mayo (becky2006),301
uguisu mochi (ykss35),301
ireading,301
hanazawa suou,301
yamakawa,301
kuria (clear trip second),301
catsmoon,301
phamoz,301
azuki yui,301
sub-res,301
komb,301
vyragami,301
myabit,301
sana (37pisana),301
hamayumiba sou,300
akata itsuki,300
sugina miki,300
kazami karasu,300
tkhs,300
shiki (shikki46),300
miruto netsuki,300
yuihira asu,300
ao jun,300
akizone,300
neko (yanshoujie),300
isamu-ki (yuuki),300
shigekikkusu,300
hinoshita akame,300
tokuno yuika,300
shiosoda,300
kisaragi tsurugi,300
mogskg,300
tapioka (oekakitapioka),300
casul,300
donmin h,300
machigami yoh,300
hashira 14,300
kantaka,299
hiroe rei,299
matataku,299
mochiya marosuke,299
hoshino souichirou,299
kirishima riona,299
abara heiki,299
tanaka rikimaru,299
yonekura hisaki,299
udukikosuke,299
suzume miku,299
chakabo,299
yukino minato,299
hati105,299
gacha-m,299
henreader,299
shiro (reptil),299
alison (alison airlines),299
gearous,299
akakura,299
hagioshi,299
houraku,299
kiritzugu,299
kataku musou,299
enma (enmanuelart),299
classic (zildjian33),299
kurenaiz (kuayrenaiz),299
sakanaya (sakanaya952),299
tsuyadashi shuuji,298
ast,298
circussion,298
hinami (hinatamizu),298
clipe,298
shian (my lonly life.),298
doyora,298
nikku (ra),298
cube85,298
nikuku (kazedesune),298
sogabe toshinori,298
takeashiro,298
chiroshiron,298
higaragi,298
uchuuneko,298
shiitake nabe tsukami,298
nanin,298
seungju lee,298
rafaelaaa,298
hagure keg,297
ana (rznuscrf),297
nyanya,297
izuoku,297
gamuo,297
kohinata hoshimi,297
ikarin,297
gijang,297
aiuabo,297
1jumangoku,297
tripdancer,297
yoruhachi,297
rezodwel,297
binggong asylum,297
kiato,297
noi mine,297
hondaranya,297
kasuya baian,297
yamato koara,297
iwasi 29,297
gaou (babel),296
inuarashi,296
ruschuto,296
takano natsuki,296
40010prototype,296
ikura nagisa,296
mitsuki yuuya,296
nephlite,296
yagami (mukage),296
tsukineko,296
david liu,296
supershiruco,296
chiyingzai,296
matsumotoke,296
rukitsura,296
jampen,296
kaenuco,296
neko (ganecooo),296
shisoneri,296
kazo (kazozakazo),296
araido kagiri,296
ibuo (ibukht1015),296
sokura (mochichitose),296
fellatrix,296
inue shinsuke,295
kokuriu,295
satomi yoshitaka,295
munashi mujou,295
meiya neon,295
kingin,295
jagabutter,295
megumiya,295
pinakes,295
haku89,295
quan (kurisu tina),295
notora,295
daydarion,295
been,295
vanripper,295
seo jaiil,295
putama,295
mitomumitomu,295
eckert&eich,295
mizuno kurage,294
aka ringo,294
akishima kei,294
makai no juumin,294
mutou kurihito,294
tama (soon32281),294
kinosuke (sositeimanoga),294
kani club,294
uumaru,294
gurimjang,294
kikoka (mizuumi),294
sogawa,294
waka (shark waka),294
suzushiro (suzushiro333),294
ayya sap,294
nipi27,294
coreytaiyo,294
oharu-chan,294
demorzel,294
hara kenshi,294
oza osuwari,294
batta 16-sei,294
nanase aoi,293
kuga tsukasa,293
bonnie (rsg),293
akanagi youto,293
gisyo,293
nakatama kyou,293
tj-type1,293
kamikita futago,293
taa (acid),293
ppshex,293
shouu-kun,293
nonohachi,293
papino,293
rosette (roze-ko),293
endou (zettai bluenoid),293
poco (backboa),293
shamonabe,293
jakko,293
fluegel (kaleido scope-710),293
salpin,293
natori youkai,293
43 pon,293
chomikuplus,293
morio (poke orio),293
pantsu-ripper,293
nekoi mie,292
uona telepin,292
sakura ryuuken,292
spidu,292
sigm@,292
fed (giba),292
ryoutan,292
exaxuxer,292
oopartz yang,292
tonchinkan,292
flanvia,292
puririn,292
hayakawa akari,292
torinari (dtvisu),292
kyo-hei (kyouhei),292
colis,292
kz oji,292
sutora binsuke,292
taisho (gumiyuki),292
keihh,292
poa mellhen,292
moyu marginal,292
igusaharu,292
z282g,292
yuunamida uyu,292
watsuki ayamo,291
tomotsuka haruomi,291
udon entertainment,291
oohira sunset,291
ikeda ruriko,291
amo (shibu3),291
kiya machi,291
mizunashi kenichi,291
sadahiro (chicken nugget gyuuniku aji),291
yoshiwa tomo,291
fajyobore,291
araki495,291
mizuyan,291
katiko,291
genkung,291
shanyao jiang tororo,291
iumi urura,291
kataokasan,291
poharo,291
kokukyukeo,291
mannack,291
kyata ti666,291
zuo daoxing,291
toriniku29,291
aoi tete,291
kirisaki byakko,290
akayama yukihe,290
stupa13a,290
sakamoto mineji,290
kujiran,290
kurono yuu,290
noba,290
raigou,290
kounosu satori,290
lutherniel,290
takatsuki akira,290
kyogoku-uru,290
don (29219),290
kogatarou,290
cnm,290
chihiro (khorosho),290
band-width,290
sugar (dndi888),290
hito komoru,290
amatsuji,290
matanukinuki,290
leogust,290
nada namie,290
tonchamon san,290
himukai yuuji,289
kuroda akimi,289
ishigaki takashi,289
sushio,289
sanbasou,289
hal (goshujinomocha),289
bankoku ayuya,289
koohee,289
glastonbury1966,289
mofuaki,289
perepere-kun,289
konka,289
kawakami masaki,289
akira (kadokawa),289
ouri (aya pine),289
hemo (hemoroda),289
rama (yu-light8),289
koharu2.5,289
kamitoge supino,289
muteppona hito,289
ichi-go,289
tenpa (tenpa2190),289
daran9,289
pomelomelon,289
duoj ji,289
kieyza,288
denki showgun,288
morimoto kiyona,288
ichio,288
huei nazuki,288
kazawa (tonzura-d),288
yuura,288
skj,288
yoshiki,288
meto31,288
opagi,288
hazuki (sutasuta),288
aegis (nerocc),288
mukiki,288
akisa yositake,288
kirai shouen,288
sasakura,288
twumi,288
kitada mo,288
ikari (aor3507),288
tenrai,288
chocojax,288
shuuzo3,288
seseren,288
diforland,288
jas (littlecrime),287
kasuga (kasuga39),287
natsumi akira,287
gomamiso (gomamiso sp),287
choco (chocolate shop),287
man (man-room),287
narumiya (narumiya),287
prime,287
lefthand,287
hitsuki rei,287
tokyogenso,287
kishibe,287
kino (kino konomi),287
zakki,287
dan (orange train),287
kolshica,287
saemon (tonpura),287
zippo (3756c),287
miri (cherryjelly),287
keiko (mitakarawa),287
kiraki,287
itowo (itowc),287
gaiko kujin,287
captain yue,287
creek (moon-sky),287
derauea,287
imagawa akira,287
souta (karasu no ouchi),287
tsukimirin,287
sarasadou dan,287
fujiko (emnprmn),287
rensyu,287
pon yui,287
zifu,287
lix (iroiro3843),287
kuroda kazuya,286
tsukigami runa,286
kozakura (dictionary),286
las91214,286
shirayuki towa,286
haryuu (poetto),286
pyz (cath x tech),286
ji dao ji,286
bsapricot,286
choyeon,286
tunamayo (dsasd751),286
ebonyxh,286
kidmo,286
0725akaba,286
kakeru (dbskakeru),286
fu ga (vivi912912),286
spindle (aidenr0),286
mizoguchi keiji,285
futaba miwa,285
rikudou inuhiko,285
yan-yam,285
konomi (kino konomi),285
pisuke,285
shefu,285
pyon-kichi,285
emon-yu,285
akiyoshi (tama-pete),285
kyoeiki,285
kinjo kuromomo,285
packge,285
ki (kk-sk-ray),285
bwell,285
shiina kuro,285
vice (kuronekohadokoheiku),285
kaede (shijie heping),285
gainoob,285
xretakex,285
miyako (rgrayt),285
rinyamame,285
cafin,285
iroha (iroha matsurika),285
3 (sanyako1),285
quasarcake,285
ncontrail (mgax7527),285
nerukichikatafukuma,285
monolith (suibou souko),284
shoumaru (gadget box),284
yuuki akira,284
eunos,284
lr hijikata,284
noa (nagareboshi),284
mutou mato,284
tama (tama-s),284
athenawyrm,284
kakumayu,284
rou (rou22),284
chixiao,284
vardan,284
spider apple,284
yuno (suke yuno),284
akamoku,284
sirokohi,284
maburu (lojyq1eur3e8bit),284
goumonsha,284
ura (hamburg oniku),284
kazane-wind,284
coubalty,284
shirono,283
horibe hiderou,283
hormone koijirou,283
shigunyan,283
3four,283
heirou,283
goribote,283
lemontea,283
totoharu (kujirai minato),283
hekomii,283
pito (sh02327),283
uo denim,283
kuro mushi,283
len (hand linke),283
akano murasaki,283
silver bullet (ecc12 8),283
dickfish (fishismdick),283
zundarepon,282
mutsutake,282
hagane soushi,282
riv (rivleaf),282
santa matsuri,282
kannari,282
sai-go,282
sbel02,282
mogiki hayami,282
twinpoo,282
sat-c,282
yuuzuki (re'ef),282
shio (futatsumami),282
akizuki shigure,282
moruchi (rinaka moruchi),282
soyoong jun,282
isa (peien516),282
chiroru (cheese-roll),282
ridy (ri sui),282
ryochapu,282
togutogu,282
yanlingjinshilihuahua,282
valitran,282
takahashi kino,282
zozozoshion,282
carina (xiaowoo),281
tajima yoshikazu,281
ootsuka shin'ichirou,281
kereno,281
chamupei,281
xephonia,281
abua,281
bakuya,281
77gl,281
mokyutan,281
goriate,281
nome (nnoommee),281
kitazinger,281
anyannko,281
kyuuri (miyako),281
tsuezu,281
t@ke-g,281
flasso,281
expulse,281
bailingxiao jiu,281
xiangzi box,281
caisena,281
258n,281
min-naraken,280
sch,280
takishima asaka,280
hidebou,280
tsukioka tsukiho,280
s-now,280
pensuke,280
itachou,280
toriatto gununu,280
gomashi (goma),280
delsaber,280
shirokuma (nankyoku),280
benizuwai,280
rizento,280
turewindwalker,280
rangycrow,280
maiqo,280
sam yang,280
karaage bou,280
gunjou row,280
oka mochi,280
hitofutarai,280
yabai gorilla,280
dokuro deluxe,280
qi7pi,280
signalviolet,280
shitacemayo,280
tantanmen72,280
mocacoffee 1001,280
kkix25,280
aoi riko,280
hisayuki hirokazu,279
gochou (kedama),279
kuma (crimsonvanilla),279
nanase meruchi,279
tamamon,279
maekawa suu,279
amane kurumi,279
stu dts,279
suisai (suisao),279
lolicom,279
mephisto (angraecum),279
evandragon,279
ohara hiroki,279
hi (ibisf5umauma),279
nagatsukiariake,279
douya (233),279
grandia lee,279
omuretsu,279
oniilus,279
luke (b10a3123m),279
makigai,279
kawarajima kou,278
zeco,278
hagiwara rin,278
ka2,278
kusanagi kaoru,278
yoshiku (oden-usagi),278
kuzu kow,278
marshall k,278
kurosususu,278
kitasaya ai,278
kukka,278
axsen,278
kyuutou (kyuutouryuu),278
raichiyo33,278
dytm,278
mochizuki mochi,278
toyosaki shu,278
satou aji,278
efuri (riarea00),278
cocq taichou,278
shiontaso,278
stoic seraphim,278
renshu usodayo,278
barleyshake,278
eitopondo,278
kuma-bound,278
akamatsu ken,277
haruka natsuki,277
nirap,277
yurume atsushi,277
arai nobu,277
hide (hideout),277
roarke (lavenderincubus),277
die (die0118),277
matsu-sensei,277
bebebe (pepegakii),277
inu (marukome),277
key (gaigaigai123),277
koorimizu,277
kusuribe,277
solokitsune,277
jeze,277
kani bonara,277
namazu (yamasonson),277
shimogamo (shimomo 12),277
sunanuko (ramuneko),277
lk149,277
kugui kiyunemu,276
kamotama,276
nyonn24,276
mifuru,276
kangetsu (fhalei),276
hasebe yuusaku,276
kenuu (kenny),276
minaha (playjoe2005),276
miyahara takuya,276
kuzuvine,276
shenbei xiaoqiu,276
konkito,276
stmast,276
eip (pepai),276
poch4n,276
besmiled,276
ogre (illustogre),276
aramaru,276
rikuguma,276
mitsuru (pixiv 34028718),276
nodachi (artist),276
yamamoto kazue,275
yuccoshi,275
ren san,275
miya (tsumazukanai),275
hachi (8bit canvas),275
fujii eishun,275
miki purasu,275
cocoloco,275
xin yu hua yin,275
hou (ppo),275
suzaku (zaku6584),275
narushima kanna,275
tsuaii,275
plan (planhaplalan),275
garimpeiro,275
j.k.,275
kazukoto,275
mokuzou (moku ssbu),275
2-butani,275
soyosoyo,274
chikotam,274
kusakabe (kusakabeworks),274
shino (comic penguin club),274
futon (kitsune tsuki),274
mizu asato,274
yoshimo,274
irori,274
kazari tayu,274
hanarito,274
fami (yellow skies),274
ryuinu,274
ether core,274
suprii,274
neruzou,274
yonaga san,274
tada no nasu,274
haneramu,274
akusema,274
yu (flowerbird3830),274
the atko,274
yotsumi shiro,274
honda naoki,273
kosokosomaru (higashi taishi),273
miya9,273
uro (urotanc),273
hakkai,273
yuya (night lily),273
saiba (henrietta),273
monicanc,273
kihou no gotoku dmc,273
akagi shun,273
niku-name,273
usagi nagomu,273
ladic,273
honotai,273
horikoshi kouhei,273
oshiaki,273
jimmy madomagi,273
anno88888,273
superpig,273
poligon (046),273
mathew (srmmk mce),273
ne an ito,273
kurihara sakura,273
aoi suzu,273
doran (doran7280),273
cromwellb,273
ichimi renge,273
mamo williams,272
kimizuka aoi,272
kotoyoshi yumisuke,272
shirako miso,272
baku taso,272
asami asami,272
ter (otokoter),272
be (o-hoho),272
watanuki kaname,272
rybiok,272
gogatsu fukuin,272
omoomomo,272
eliskalti,272
maku ro,272
gambe,272
chinchongcha,272
shimizu akina,272
omelet tomato,272
aiuti,272
honnryou hanaru,272
seno (senohime),272
sakuremi,272
bigkwl,272
nama udon,272
yuu (kfc),271
gaketsu,271
purinpurin,271
kibushi,271
wakino keibun,271
kikugetsu,271
matsutani,271
ryuji (ikeriu),271
miyakure,271
mushi gyouza,271
mo ne,271
oteruko (wanabeee),271
achan (blue semi),271
hiiragi fuyuki,271
magai akashi,271
materclaws,271
hoojiro,271
shi chimi,271
kinbakuman,271
monaka curl,271
amane sora,271
dross,271
nemu mohu,271
yui (tamagohan),271
hirasawa seiji,271
devilukez,271
piyopoyo,271
ishida aya,271
durindana 7,271
kei (bekei),270
yurikuta tsukumi,270
ikeda (cpt),270
kirisato itsuki,270
hirokiku,270
kei kei,270
mochi.f,270
yuuki kira,270
qblade,270
makinaru,270
fuuna,270
acchii (akina),270
maya g,270
itaco,270
hiiragi souren,270
hinakisara,270
qin (7833198),270
rito453,270
tanasuke,270
8931ponzu,270
kamaboko (ossann0125),270
tsubaki (tatajd),270
mezashi (mezamashi set),270
yuuhi (arcadia),270
chen bin,270
nekojira,270
nasii,270
mmm (ji1945),270
kapuru 0410,270
owasaki,270
harvest fes,270
baran. (ba ra ran),270
zun (artist),269
yaso shigeru,269
teruki kuma,269
yu-ri,269
karunabaru,269
inaeda kei,269
ishida seito,269
ippers,269
fatkewell,269
nineo,269
54hao,269
yukishiro arte,269
fuzukikai,269
puppeteer7777,269
tipii,269
sakai (motomei),269
kisaragi yuri,269
miroku san-ju,269
paintrfiend,269
k pring,269
aotake iro,269
neps-l,269
jikihatiman,269
sa-ya2,269
yunimaru,269
dismaiden,269
suyohara,269
eddybird55555,269
takahashi kurage,269
hata4564,269
maibotsumou,269
urotan,268
naruse chisato,268
nu (plastic eraser),268
sdz (inazuma),268
aaru (tenrake chaya),268
tcb,268
hyouju issei,268
gomano rio,268
mazeran,268
pila-pela,268
hanenbo,268
zukky,268
noriuma,268
vivivoovoo,268
march-bunny,268
463 jun,268
cslucaris,268
sakeharasu,268
rkrk12,268
umibudou,268
miz (mizillustration),268
aa211108,268
tamagoroo,267
maki (natoriumu),267
anshinmama,267
kousetsu,267
kiguchiko,267
kuramoto takato,267
afukuro,267
minamon (vittel221),267
hakuleg,267
arito arayuru,267
li (lithium0522),267
soraneko hino,267
wangphing,267
upanishi mariko,267
tomiokasena,267
kougi hiroshi,267
pinkgermy,267
tnolize,267
kuen (kuennn12),267
mirufui,267
spykeee,267
kosmos beta,267
kyutai x,267
dismassd,267
john kafka,267
yanagi yuu,266
kikurage (plastic people),266
reiq,266
mori toshiaki,266
tetsubuta,266
kureha (ironika),266
chikuwa (tks),266
rokko,266
aelion draws,266
megateru,266
karei,266
mojarin (kihara mojarin),266
maruti bitamin,266
souma (ordures),266
tantan men (dragon),266
tai (nazutai),266
neet co.,266
abe suke,266
applepie (12711019),266
sozan,266
k jie,266
kaatsu katsurou,266
eternity (shadeh),266
nekofish666,266
lingshalan,266
soresaki,266
goki buri,266
supon,265
machiko (beard),265
uzaki (jiro),265
cezaria,265
thanabis,265
nyaa (nnekoron),265
kasuga haruhi,265
arai togami,265
sills,265
wakamesan,265
fujiyama ichiha,265
nakamura sumikage,265
z.o.b,265
yuta agc,265
yuki to hana,265
kameponde,265
masaki (ekakiningen),265
agnamore,265
mimyo,265
hamsterfragment,265
miso (misomiso 154),265
myeolchi,265
lazyartlazy12,265
koizumi arata,265
himukai kyousuke,264
yug (ekaki),264
kaneru,264
koizumi amane,264
kafun,264
ganto,264
hangaku,264
canking,264
koma midori,264
shiro9jira,264
damegane,264
kanchiyo,264
changye,264
katsuwo (cr66g),264
hug (yourhug),264
relaxjon,264
jurrig,264
kurokaji,264
utahane,264
taka t,264
xfate,264
sha2mo,264
kanmoku-san,264
micosiva,264
ken (shutenndouji1),264
misnon the great,263
mr.romance,263
nakabayashi reimei,263
satsuki imonet,263
koshiro itsuki,263
kitayuki kajika,263
nukaji (kuromahou kenkyuujo),263
sunameri oishii,263
darkkanan,263
basa rutan,263
esureki,263
morino bambi,263
a9b (louis814),263
spicy bardo,263
sezok,263
xinaelle,263
anizi,263
chintora0201,263
haiba 09,263
kasumi saika,263
qiandaiyiyu,263
polilla,263
kou1,262
hinata momo,262
hattori masaki,262
mokku,262
shiroi karasu,262
ne-on,262
galibo,262
kurochiroko,262
same anko,262
ayumaru (art of life),262
habatakuhituji,262
rihito (usazukin),262
arisu kazumi,262
baocaizi,262
sollyz,262
teltelhousi,262
tororo ten,262
tanaka io (craftstudio),262
taka-michi,262
jam (nandade),262
kagarimachi konatsu,262
clyde s,262
aochoku,262
uut,262
formicid,262
keigi,262
ryuuneart,262
noyama takenoko,262
mullmull02,262
aoi masami,261
sakura (medilore),261
ekra,261
asahikawa hiyori,261
riru,261
yahako,261
yamada ako,261
sakurano ru,261
nanashi noiji,261
konno takashi,261
takeya yuuki,261
nitako,261
suou (sdurorhr),261
tsukiriran,261
inoshishi (ikatomo),261
tamahana,261
yuuichi (reductionblack),261
kakuzatou (koruneriusu),261
janne cherry,261
fixro2n,261
ar (lover boy),261
beleven,261
cheshirrr,261
cottontailtokki,261
hikari (komitiookami),261
buri (retty9349),261
garouma,261
kimtoxic,261
ame-san,261
okura-chan (at nya5),261
yuuji overall,260
nadeara bukichi,260
hane (hanegoya),260
higa yukari,260
mutsumi masato,260
konoe ototsugu,260
iruma kamiri,260
mine (peak),260
sami (object dump),260
sigama,260
kokutou nikke,260
soon (c-u-soon),260
nemo (leafnight),260
sofy,260
shiki (catbox230123),260
nana kagura,260
kagawa yuusaku,260
cenangam,260
dainamitee,260
nekobell,260
kawatsu yuuki,260
yanyan (shinken gomi),260
zeatto,260
zabudog777,260
lemon pan,260
aburidashi zakuro,259
geetsu,259
mebae,259
aano (10bit),259
minazuki tsuyuha,259
hino minato (spec.c),259
sanjiro (tenshin anman),259
gen (black factory),259
topia,259
yellowpaint.,259
yodare (3yami8),259
kanju,259
asuka (junerabitts),259
rod (rod4817),259
twistedscarlett60,259
bokota (bokobokota),259
sui (suizilla),259
okayparium,259
koyo akio,259
kelvin-trainerk,259
jurge,259
siun,259
muka tsuku,259
ponzu rui,259
bitseon,259
5rwpvc,259
atie1225,259
hitmanatee,259
date (senpen),258
fumihiro,258
sakaki maki,258
noise (lesion949),258
kikuchi tsutomu,258
konata gazel,258
katou haruaki,258
ke-su,258
animeflux,258
hidori (hibi toridori),258
orochi itto,258
itamochi,258
onsen tamago (nurumayu onsen),258
gen (enji),258
zero (miraichizu),258
ion (cation),258
shikuta maru,258
kagiana,258
saya pr,258
ishimu,258
oruka (kamituki0827),258
kurisu-kun,258
nhadraw,258
nagatsukiin,258
wei xiao,258
dadijiji,258
thirty 8ght,258
tft (tft7822),258
special cat,258
remsor076,258
dailybloopy,258
atoymk,258
nonohara miki,257
catbell,257
uraharukon,257
taira tsukune,257
mikazuki sara,257
miraa (chikurin),257
sibyl,257
yuzuki karu,257
amano jack,257
honchu,257
mizunoe kotaru,257
shibainu niki,257
sakura ran,257
murakami kou (raye),257
guchiota field,257
shinishi chiho,257
tatsuya (guild plus),257
alchemaniac,257
arikanrobo,257
unsomnus,257
aisutabetao,257
nyamo,257
daifukumochi (akaaokiiwo),257
nyum,257
nakamura rohane,257
junpaku karen,257
hakonnbo,257
bimmy,257
nev (nevblindarts),257
aryuma772,257
houkisei,257
raki kr,257
b1ack illust,257
ribucci,256
tensugi takashi,256
yuuki (irodo rhythm),256
huyase,256
yoohi,256
tobisawa,256
yuza,256
unagiman,256
kuzumosu,256
miy@,256
momoirone,256
amagasa yun,256
yuya090602,256
sagemaru-br,256
inusaka,256
sagamiso,256
kawaruhi,256
helvetica std,256
whoru,256
ekrea jan,256
tadano akira,255
abekawa,255
ryota-h,255
kirise mitsuru,255
hi-ho-,255
yuugo (atmosphere),255
kuren,255
hinata sora,255
soto,255
carte,255
anzumame,255
amemiya ruki,255
naitou ryuu,255
matarou (matarou072),255
nueco,255
p (tidoriashi),255
es (eisis),255
maxa',255
lvi,255
wakataku,255
maritan (pixelmaritan),255
gofelem,255
miv4t,255
jellcaps,255
shikido (khf),255
zombie mogura,255
nezuko,255
ichi (ichi.colors),255
rokkotsu,255
e sky rugo,255
noeru,255
fenrir (fenriluuu),255
yoracrab,255
dolri,255
tonomiya68,255
lrh0123,255
kyoko (akakikyoko),255
kumasyan1998,255
jiekuijiangshadaonijiamenkou,255
shouna mitsuishi,254
imigimuru,254
makino (ukiuo),254
u (the unko),254
kirin kakeru,254
mitsuki meia,254
ress,254
ooji cha,254
mika (1020mk),254
mizuki (mizuki ame),254
katagiri (mighty swing),254
nyanmaru,254
emmmerald,254
jenevan,254
hajike akira,254
kaneaki mukku,254
silveroid,254
gemi,254
tedain,254
kuga huna,254
yazaki (yazakc),254
hakuda tofu,254
sumiya nadateru,254
aruma jiki,254
ycco (estrella),254
hiro (chumo),254
sensen,254
asou (asabu202),254
tesun (g noh),254
boke-chan,254
starheart,254
billie (meng gong fang),254
erezu,254
ryara,254
ken'ichi (ken1ro u),254
k (gear labo),254
airandou,254
203wolves,254
1ssakawaguchi,254
ooide chousuke,253
misaki juri,253
araiguma,253
subaru (yachika),253
muu rian,253
kikuta,253
mad (hazukiken),253
sts,253
yoneyama mai,253
nanaroba hana,253
uta (kuroneko),253
kirisawa saki,253
0930erina,253
kayako (tdxxxk),253
tenko (gintenko),253
ichiei,253
tsunbeji,253
umibouzu (niito),253
kagawa ichigo,253
kinokomushi,253
teffish,253
zephid,253
hagi (ame hagi),253
goumudan,253
torako (toramaru),253
driftkingtw,253
wuliu heihuo,253
albino (a1b1n0623),253
eta,253
hen-tie,253
beitemian,253
sakamata (sakamata4),253
miyasaka miyabi,253
gaothun,253
tadanoshi kabane,253
kou futoshi,253
zenshin,253
yasashii naizou,253
hibioes,253
sakura kotetsu,252
mimura kaoru,252
suka,252
toten (der fuhrer),252
hinata nonoka,252
inishie,252
sui. (ayase),252
ouhashi,252
pomodorosa,252
kapuchii,252
merlusa,252
faubynet,252
puracotte,252
uramakaron,252
kyuri tizu,252
ichiren takushou,252
box (hotpppink),252
normaland,252
cloudxmoe,252
kouzuki kei,252
uni souchou,252
maruyaa (malya1006),252
sahata saba,252
zaki (zaki btw),252
anz32,252
toho10min,252
kabayaki unagi,251
toshifumi,251
hota,251
lily (artist),251
kou (haijindeath),251
kaname nagi,251
maeya susumu,251
giuniu,251
u jie,251
nobori ranzu,251
akinashi yuu,251
mizutame tori,251
i-pan,251
eluthel,251
pink ocean,251
azumi inori,251
mogumo,251
chocokin,251
solopipb,251
kuma (bloodycolor),251
asazuki norito,251
huangdanlan,251
neonbeat,251
taya oco,251
mr.lime,251
stone (ksorede),251
fukidashi cotton,251
yugen99,251
nodoameyatou,251
pupi (rain prophet),251
daisi gi,251
whoopsatro,251
docozi,251
idoraad,251
morogami ryou,250
char (2v 26),250
uehiro,250
akahito,250
kosame daizu,250
youshuu,250
yoshino norihito,250
murayama ryota,250
sui (camellia),250
seeker,250
oku tamamushi,250
moeki yuuta,250
evan yang,250
nicutoka,250
karasaki,250
mickeysmith,250
tarbo (exxxpiation),250
kojima (blue stardust),250
misha (hoongju),250
013 (hamsasuke),250
mitchi,250
setu kurokawa,250
madotsukumo,250
siino,250
ocha (popopogg),250
masaki nanaya,250
suicchonsuisui,250
akaya shiki,250
maiii (smaii i),250
everyday2,250
kino kokko,250
hazakura hinata,250
rata (norahasu),250
sanemichi hajime,249
juna,249
harmonia,249
z-ton,249
miyako (xxxbibit),249
kyokutou hentai samurai,249
darkside,249
aoblue,249
sayika,249
oshiruko (tsume),249
aona (anagasaki),249
kousaku,249
inyucchi,249
spawnfoxy,249
nemuri nemu,249
yufukiri,249
akinomiya asuka,249
chrisandita,249
boruhis,249
hokori sakuni,249
tori udon,249
danmakuman,249
imaikuy0,249
kayon (touzoku),249
mo23,249
kito koruta,249
dasha,249
krirk,249
bentouoic,249
takahata yuki,248
iris anemone,248
rokuichi,248
kieta,248
chocho (homelessfox),248
amaa (chou dennou jidai),248
tsudero,248
run p (aveton),248
umarutsufuri,248
edoya inuhachi,248
okada (hoooojicha),248
weisuoxin,248
eno yukimi,248
suruga kreuz,248
ors anime renders,248
kenron toqueen,248
ecru,248
kyou 039,248
gigamessy,248
suiroh (shideoukami),248
kdm (ke dama),248
kiri (2htkz),248
9610 (kuroto),248
rururiaru,248
tamago (eva1314056),248
pinoli (pinoli66),248
uno makoto,247
satou toshiyuki,247
nokishita,247
ikune juugo,247
miso katsu,247
oniku (shimofuri-ke),247
hwansang,247
hajime kaname,247
bloom2425,247
yamato (muchuu paradigm),247
kazana (sakuto),247
senzzang,247
tsukino wagamo,247
shigure s,247
pikomarie,247
yukichi (sukiyaki39),247
aos,247
kuzumochi (kuzumochiya),247
toyoman,247
luizhtx,247
queasy s,247
maewix (artist),247
tsukiyo no ribbon,246
yuuhi alpha,246
kotatsu (kotatsu3),246
nanotsuki,246
cloritin,246
kodama yuu,246
lucie,246
jittsu,246
yuriwhale,246
midori niku,246
temari rin,246
max melon,246
hiroshi (hunter-of-kct),246
mamimu (ko cha 22),246
gya (144),246
tatahai,246
kitsune-neko,246
hikashima (shiofune),246
chinikuniku,246
hamachamu,246
iuui,246
kaidou zx,246
karakari,246
dfra,246
shaggy susu,246
hakusyokuto,246
rnuyvm,246
min (myna8247),246
itou nanami,245
haku (sabosoda),245
piku,245
ifuji shinsen,245
kusagami style,245
tam-u,245
haruken,245
yan pai,245
gilse,245
nicetack,245
tussy,245
green dew,245
owler,245
komame (st beans),245
yuyu (yuyuworks),245
arpeggio kaga,245
ima (lm ew),245
a.a (aa772),245
fc (efushii),245
sinkai,245
hoxutixu,245
burbur,245
bouen,245
otou (otou san),245
kuse (0201),245
7gao,245
kiramarukou,245
bilibili xiaolu,245
liu liaoliao,245
raya (uk 0128),245
lds (dstwins97),245
airseal,245
yuming li,245
mike156,244
kishi nisen,244
tsuru (clainman),244
wada sachiko,244
nenchi,244
koma neko,244
sugimori ken,244
kurokawa otogi,244
north abyssor,244
kinomiki nobori,244
fushigi ebi,244
velzhe,244
henriiku (ahemaru),244
ttk (kirinottk),244
alkemanubis,244
asada sadao,244
mokokiyo (asaddr),244
kuon (kwonchanji),244
kanzaki kureha,244
haru (hiyori-kohal),244
takimoto yukari,244
ga320aaa,244
paloma piquet,244
koiso usu,244
otakummm,244
jason kim,244
fractalmagnolia,244
nocopyrightgirl,244
pori (kmt pori),244
yzr (yzr99),244
yeni1871,244
takamura kazuhiro,243
sin-go,243
igarashi mangou,243
kanan,243
akimoto dai,243
ogihara mach,243
toro (konirio),243
hareno chiame,243
yuzumiya mono,243
toriny,243
iwatobi hiro,243
kuri giepi,243
azuse neko,243
tenpesuto,243
shin (highest1192),243
orenji (wholesomeorenji),243
yue (show-ei),243
anyan (jooho),243
arakawa tarou,243
takase asagiri,243
monoku,243
aruka (alka p1),243
berserkert,243
azuumori,243
nekoyashiki pushio,243
sikijou77o,243
hagiwara daisuke,243
tsuki no i-min,243
carbon12th,243
ngetyan,243
gero zoukin,243
kamo (kamonabe 44),243
shiben (ugvu5784),243
echizen (n fns17),243
kuragare,243
microa,243
iwamushi,243
shuvi (shuvi1125),243
honlo,243
nojima minami,243
4qw5,243
inuburo,242
kisaragi gunma,242
nakajima konta,242
sho (runatic moon),242
len (a-7),242
makai,242
matsunaga (haku),242
bajima shouhei,242
kaifei (kaifei 29),242
akai (ugokashitari),242
ao+beni,242
nano (syoutamho),242
tesshii (riza4828),242
ijima yuu,242
housou-kun,242
sirachi,242
masaki (msk064),242
oshage (osyage921),242
zefrableu,242
sailen0,242
barry nah,242
digimin,242
jiang ye kiri,242
giorgio (yo sumire sola1),242
house tag denim,242
yue (shemika98425261),242
yasuda suzuhito,241
tao (kadoya),241
ikuhana niiro,241
shishigami (sunagimo),241
tocky,241
awa yume,241
inutose,241
aonaga heri,241
ichihisa,241
shukusuri,241
hong doo,241
omizu (omz),241
tomamatto,241
lor (roasyerizyonirapi),241
kie (wylee2212),241
hisin,241
prat rat,241
yan kodiac,241
achromaru,241
28 (282teeth),241
jl tan,241
frikulu,241
waligner,241
hisame genta,240
gambler club,240
kouzuki hajime,240
yukizuki chikuba,240
mukaibi aoi,240
kasa (hitori sanka),240
oono tsutomu,240
junes,240
sian,240
senano-yu,240
rin2008,240
mikurou (nayuta),240
baisi shaonian,240
kerok (joniko1110),240
umekko,240
yonaga (masa07240),240
chameleon man (three),240
reiga (act000),240
yun (dust-i1),240
kikimifukuri,240
gtunver,240
shanguier,240
jacy,240
hone (honehone083),240
bippew,240
ryouta (ryouta335),240
skyrick9413,240
bob (bobtheneet),240
oekakiism,240
hatake shimeji,240
muuba,239
touya (the-moon),239
sasorigatame,239
tetrodotoxin,239
kurogane gin,239
bon (rump),239
futami yayoi,239
pandain,239
p-nekor,239
ki (adotadot),239
janis (hainegom),239
izumi akane,239
kinntarou,239
dodome-iro mayonnaise,239
ogino (oginogino),239
kurisu sai,239
benio (dontsugel),239
kakiman,239
ootsuki momiji,239
knifedragon,239
sharumon,239
wamu (chartreuse),239
kobone,239
namahamu (hmhm 81),239
mochigome (ununquadium),239
black cola,239
yurichtofen,239
neone,239
my700,239
miaogujun,239
qtian,239
hibi89,239
wu ganlan cai,239
roina (effj7473),239
toru nagase,239
nokoru sora,239
landacdeus,239
anisdrawn,239
primsla,239
morita kazuaki,238
izumi yukiru,238
magaki ryouta,238
hubrael,238
noise (tsuzuki),238
kuro oolong,238
nagana sayui,238
tare (tonikaku magaru),238
kinosaki,238
moto murabito,238
nekoguchi,238
fujinoki (horonabe-ken),238
hebino rai,238
okuba,238
kirikirimai (kkm),238
humuyun,238
sameyama jiro,238
sasaoka gungu,238
tadokoro nurikabe,238
rizzl,238
maeshimashi,238
arrow (tamawo222),238
fujisaki yuu,238
izumo neru,238
chis (js60216),238
evomanaphy,238
ueauwa,238
toshinoshin,238
siera (sieracitrus),238
yamano rokamizu,238
cremanata,238
pinkcap,238
mijikayo,238
neopure,237
machimura komori,237
rezi,237
nishiki koi,237
zeronis,237
yassy,237
kusugi tai,237
morishita naochika,237
retorillo,237
mizutamako,237
nin (nin 0088),237
sora no amagumo,237
218,237
asagi yuna,237
santa (sunflower),237
kim yura (goddess mechanic),237
aibumi,237
hamaguri (hamaguri1234),237
shina shina,237
siokazunoko,237
hikarikmy,237
yokai (yokai0401),237
hatakenaka (kamagabuchi),237
kisamu (ksmz),237
yoshiheihe,237
akimaki yuu,237
shacho (ko no ha),237
yuki maccha (yukimattya10),237
haiki (tegusu),237
karokuchitose,237
watosu,237
lufi ays,237
yuuki mix,237
ryokucha michi,237
kowai (iamkowai),237
hong bai,237
higa (gominami),237
morumoru x,237
metsu end,237
meunhongcha,237
valentine (02140314c),237
5altybitter5,237
balnom,237
mometsu 033,237
onyhakase,237
nano (nanosize),236
joy division,236
linda,236
yuuki eishi,236
utakata (kochou no yume),236
douji,236
ibara riato,236
realmbw,236
kacyu,236
misawa hiroshi,236
0-den,236
kilart,236
mku,236
mkiiiiii,236
rikugou (rikugou-dou),236
kabeu mariko,236
beize (garbage),236
shukinuko,236
yorukun,236
harumiya,236
reitou mikan,236
dokan (dkn),236
ibara azuki,236
speckticuls,236
sheepd,236
hinata masaki,236
dolechan,236
misha (ohds101),236
cla (finesoda),236
volyz,236
rity,236
senmura,236
jean.organ,236
origami aya,236
ruru (rurumagi),236
sawkm,236
merry-san,236
kojiro337,236
borgbutler,236
yuuichi (tareme paradise),235
gunner-l,235
shimano natsume,235
enoshima iki,235
johnny (from scratch),235
nagareboshi,235
hamaburicchi,235
hiruno,235
okiru,235
pine (pine-box),235
osuman toruko,235
shirasu youichi,235
miwasiba,235
henet hene,235
meiji (meiji770),235
watagashi yui,235
usagi koushaku,235
kasugai (de-tteiu),235
hai to hickory,235
songjikyo,235
kanikou,235
sylvia (huajiuhuajiu),235
d-floe,235
shisantian,235
odachu,235
nagato-chan,235
muguet,235
yozora (1wkdgusdn),235
robinson (day l full),235
ryoku sui,235
zetsuyo chimayo,235
hacco mayu,235
noshimurin,235
noto (soranoto),234
yuuki keisuke,234
saltydanshark,234
kouki kuu,234
kiryuu makoto,234
yukimasa (nkk145),234
dowman sayman,234
mu-pyon,234
roh nam kyung,234
okuma mai,234
tenkuu nozora,234
ariyoshi gen,234
karuha,234
lee hyeseung,234
tsuchii (ramakifrau),234
poin (hidsuki),234
takamura wamu,234
takumi (scya),234
tsuduya (knt31),234
maeka (kumaekake),234
konboi-eg,234
kanda done,234
yamaori (yamaorimon),234
aoi tiduru,234
umonebi,234
melanbread,234
yamaori,234
ray (pixiv9514208),234
don (rg06268),234
rokita,234
maki keigo,234
yeklsa,234
batacchi (mashimashi butter),234
kirby d a,234
ishida umi,234
ursica,234
hwaryeok,234
bebe (bebe pp),234
murase48,234
sabamori,234
micon,234
efreezerarts,234
hershuar,234
e (eokiba),234
burisuke (koujiro),234
pote (pote 39),234
oogure ito,233
tsunashima shirou,233
yukiusagi (gaballscreen&blaze),233
zanzi,233
tenjin hidetaka,233
herio,233
madogawa,233
serino itsuki,233
kenken,233
dreadtie,233
kuzumomo,233
chichibu (watson),233
umihotaru harumare,233
loen,233
miyabino (miyabi1616),233
vins-mousseux,233
ramie (ramie541),233
zooanime,233
harada (basashi),233
donutman,233
muji (uimss),233
nekokyun,233
nigiri (ngr24),233
mishiro (ixtlolton),233
usaka ray,233
kuro (tbm9187),233
orobou,233
ya mari 6363,233
yurikawa,232
g-tetsu,232
crimson comics,232
karbo,232
mikoto akemi,232
kaze-hime,232
shoukaki (earthean),232
fukuoka katsumi,232
sumapan,232
laco soregashi,232
igashiko,232
mikan (5555),232
aoin,232
kumagai haito,232
attsun (atsushi jb),232
juugonichi (wheeliex2),232
onimaru (onimal7802),232
umigraphics,232
gobanme no mayoi neko,232
